ESTABELECIMENTO,MUNICIPIO,SEM_EPI,casos,obitos,uti,confirmados
CLINIPAM CLINICA PARANAENSE DE ASSISTENCIA MEDICA,MARINGA,20,1,0,1,0
HNSG,MARINGA,10,1,0,0,1
HONPAR HOSPITAL NORTE PARANAENSE,MANDAGUARI,28,1,0,1,0
HOSP MUN E REG SAGRADO CORACAO DE JESUS NOVA ESPERANCA,UNIFLOR,2,2,0,0,1
HOSP MUN E REG SAGRADO CORACAO DE JESUS NOVA ESPERANCA,NOVA ESPERANCA,5,3,0,0,0
HOSP MUN E REG SAGRADO CORACAO DE JESUS NOVA ESPERANCA,NOVA ESPERANCA,6,1,0,0,0
HOSP MUN E REG SAGRADO CORACAO DE JESUS NOVA ESPERANCA,OURIZONA,6,1,0,0,0
HOSP MUN E REG SAGRADO CORACAO DE JESUS NOVA ESPERANCA,NOVA ESPERANCA,8,6,0,0,2
HOSP MUN E REG SAGRADO CORACAO DE JESUS NOVA ESPERANCA,FLORAI,10,1,0,0,0
HOSP MUN E REG SAGRADO CORACAO DE JESUS NOVA ESPERANCA,NOVA ESPERANCA,11,2,0,0,1
HOSP MUN E REG SAGRADO CORACAO DE JESUS NOVA ESPERANCA,NOVA ESPERANCA,12,3,0,0,1
HOSP MUN E REG SAGRADO CORACAO DE JESUS NOVA ESPERANCA,NOVA ESPERANCA,13,3,0,0,1
HOSP MUN E REG SAGRADO CORACAO DE JESUS NOVA ESPERANCA,MARINGA,14,1,0,0,1
HOSP MUN E REG SAGRADO CORACAO DE JESUS NOVA ESPERANCA,NOVA ESPERANCA,14,3,0,0,1
HOSP MUN E REG SAGRADO CORACAO DE JESUS NOVA ESPERANCA,FLORAI,15,1,0,0,0
HOSP MUN E REG SAGRADO CORACAO DE JESUS NOVA ESPERANCA,NOVA ESPERANCA,15,3,0,0,0
HOSP MUN E REG SAGRADO CORACAO DE JESUS NOVA ESPERANCA,OURIZONA,15,1,0,0,1
HOSP MUN E REG SAGRADO CORACAO DE JESUS NOVA ESPERANCA,NOVA ESPERANCA,16,1,0,0,1
HOSP MUN E REG SAGRADO CORACAO DE JESUS NOVA ESPERANCA,UNIFLOR,16,2,1,0,1
HOSP MUN E REG SAGRADO CORACAO DE JESUS NOVA ESPERANCA,NOVA ESPERANCA,17,2,0,0,0
HOSP MUN E REG SAGRADO CORACAO DE JESUS NOVA ESPERANCA,NOVA ESPERANCA,18,4,0,0,2
HOSP MUN E REG SAGRADO CORACAO DE JESUS NOVA ESPERANCA,SAO JORGE DO IVAI,18,1,0,0,0
HOSP MUN E REG SAGRADO CORACAO DE JESUS NOVA ESPERANCA,NOVA ESPERANCA,19,5,2,0,2
HOSP MUN E REG SAGRADO CORACAO DE JESUS NOVA ESPERANCA,OURIZONA,19,1,0,1,0
HOSP MUN E REG SAGRADO CORACAO DE JESUS NOVA ESPERANCA,NOVA ESPERANCA,20,4,0,0,2
HOSP MUN E REG SAGRADO CORACAO DE JESUS NOVA ESPERANCA,UNIFLOR,20,1,0,0,0
HOSP MUN E REG SAGRADO CORACAO DE JESUS NOVA ESPERANCA,NOVA ESPERANCA,21,4,0,0,2
HOSP MUN E REG SAGRADO CORACAO DE JESUS NOVA ESPERANCA,OURIZONA,21,1,0,0,0
HOSP MUN E REG SAGRADO CORACAO DE JESUS NOVA ESPERANCA,NOVA ESPERANCA,22,9,0,0,7
HOSP MUN E REG SAGRADO CORACAO DE JESUS NOVA ESPERANCA,FLORAI,23,1,0,0,0
HOSP MUN E REG SAGRADO CORACAO DE JESUS NOVA ESPERANCA,NOVA ESPERANCA,23,3,0,0,3
HOSP MUN E REG SAGRADO CORACAO DE JESUS NOVA ESPERANCA,SAO JORGE DO IVAI,23,1,0,0,0
HOSP MUN E REG SAGRADO CORACAO DE JESUS NOVA ESPERANCA,NOVA ESPERANCA,24,3,2,0,1
HOSP MUN E REG SAGRADO CORACAO DE JESUS NOVA ESPERANCA,PRESIDENTE CASTELO BRANCO,24,1,1,0,0
HOSP MUN E REG SAGRADO CORACAO DE JESUS NOVA ESPERANCA,NOVA ESPERANCA,25,4,1,0,2
HOSP MUN E REG SAGRADO CORACAO DE JESUS NOVA ESPERANCA,OURIZONA,25,1,0,0,0
HOSP MUN E REG SAGRADO CORACAO DE JESUS NOVA ESPERANCA,SAO JORGE DO IVAI,25,1,0,0,0
HOSP MUN E REG SAGRADO CORACAO DE JESUS NOVA ESPERANCA,NOVA ESPERANCA,26,10,1,0,5
HOSP MUN E REG SAGRADO CORACAO DE JESUS NOVA ESPERANCA,SAO JORGE DO IVAI,26,1,0,0,0
HOSP MUN E REG SAGRADO CORACAO DE JESUS NOVA ESPERANCA,NOVA ESPERANCA,27,4,1,0,1
HOSP MUN E REG SAGRADO CORACAO DE JESUS NOVA ESPERANCA,SAO JORGE DO IVAI,27,1,0,0,1
HOSP MUN E REG SAGRADO CORACAO DE JESUS NOVA ESPERANCA,NOVA ESPERANCA,28,5,0,0,3
HOSP MUN E REG SAGRADO CORACAO DE JESUS NOVA ESPERANCA,PRESIDENTE CASTELO BRANCO,28,1,0,0,0
HOSP MUN E REG SAGRADO CORACAO DE JESUS NOVA ESPERANCA,NOVA ESPERANCA,29,4,0,0,1
HOSP MUN E REG SAGRADO CORACAO DE JESUS NOVA ESPERANCA,NOVA ESPERANCA,31,1,1,0,0
HOSP MUN E REG SAGRADO CORACAO DE JESUS NOVA ESPERANCA,NOVA ESPERANCA,32,4,0,0,0
HOSP MUN E REG SAGRADO CORACAO DE JESUS NOVA ESPERANCA,SAO JORGE DO IVAI,32,1,0,0,0
HOSP MUN E REG SAGRADO CORACAO DE JESUS NOVA ESPERANCA,NOVA ESPERANCA,33,2,0,0,0
HOSP MUN E REG SAGRADO CORACAO DE JESUS NOVA ESPERANCA,OURIZONA,33,1,0,0,0
HOSP MUN E REG SAGRADO CORACAO DE JESUS NOVA ESPERANCA,UNIFLOR,33,1,0,0,0
HOSP MUN E REG SAGRADO CORACAO DE JESUS NOVA ESPERANCA,NOVA ESPERANCA,34,1,0,0,0
HOSPITAL BOM SAMARITANO DE MARINGA,MARINGA,2,1,0,1,0
HOSPITAL BOM SAMARITANO DE MARINGA,PAICANDU,2,1,0,0,1
HOSPITAL BOM SAMARITANO DE MARINGA,MARIALVA,3,1,1,1,0
HOSPITAL BOM SAMARITANO DE MARINGA,ITAMBE,4,1,0,0,1
HOSPITAL BOM SAMARITANO DE MARINGA,SARANDI,5,1,0,0,1
HOSPITAL BOM SAMARITANO DE MARINGA,MANDAGUACU,6,1,0,1,0
HOSPITAL BOM SAMARITANO DE MARINGA,MANDAGUARI,6,1,0,0,1
HOSPITAL BOM SAMARITANO DE MARINGA,MARINGA,6,1,1,1,0
HOSPITAL BOM SAMARITANO DE MARINGA,PAICANDU,6,2,0,1,1
HOSPITAL BOM SAMARITANO DE MARINGA,MANDAGUARI,7,1,0,0,1
HOSPITAL BOM SAMARITANO DE MARINGA,MARINGA,7,1,0,0,1
HOSPITAL BOM SAMARITANO DE MARINGA,SARANDI,7,1,0,0,1
HOSPITAL BOM SAMARITANO DE MARINGA,MARINGA,8,3,0,1,2
HOSPITAL BOM SAMARITANO DE MARINGA,SARANDI,8,1,0,0,1
HOSPITAL BOM SAMARITANO DE MARINGA,MARINGA,9,3,0,2,3
HOSPITAL BOM SAMARITANO DE MARINGA,MARINGA,10,3,0,2,3
HOSPITAL BOM SAMARITANO DE MARINGA,PAICANDU,10,1,0,0,0
HOSPITAL BOM SAMARITANO DE MARINGA,SARANDI,10,1,0,0,0
HOSPITAL BOM SAMARITANO DE MARINGA,MARINGA,11,3,0,0,3
HOSPITAL BOM SAMARITANO DE MARINGA,SARANDI,11,1,0,0,1
HOSPITAL BOM SAMARITANO DE MARINGA,SARANDI,12,1,0,0,1
HOSPITAL BOM SAMARITANO DE MARINGA,MARINGA,14,3,1,1,3
HOSPITAL BOM SAMARITANO DE MARINGA,PAICANDU,14,1,0,1,1
HOSPITAL BOM SAMARITANO DE MARINGA,SARANDI,14,1,0,0,1
HOSPITAL BOM SAMARITANO DE MARINGA,MARINGA,18,5,0,0,5
HOSPITAL BOM SAMARITANO DE MARINGA,PAICANDU,18,1,0,0,1
HOSPITAL BOM SAMARITANO DE MARINGA,SARANDI,18,1,0,0,1
HOSPITAL BOM SAMARITANO DE MARINGA,MANDAGUACU,19,1,0,0,1
HOSPITAL BOM SAMARITANO DE MARINGA,MARINGA,19,3,0,0,3
HOSPITAL BOM SAMARITANO DE MARINGA,MARINGA,20,1,0,0,1
HOSPITAL BOM SAMARITANO DE MARINGA,MARINGA,23,3,1,3,2
HOSPITAL BOM SAMARITANO DE MARINGA,MARINGA,26,1,0,1,0
HOSPITAL BOM SAMARITANO DE MARINGA,ITAMBE,31,1,0,0,1
HOSPITAL DA CRIANCA DE MARINGA,MARINGA,4,2,0,2,1
HOSPITAL DA CRIANCA DE MARINGA,MARINGA,5,1,0,0,1
HOSPITAL DA CRIANCA DE MARINGA,MARINGA,7,1,0,0,1
HOSPITAL DA CRIANCA DE MARINGA,MARINGA,8,2,0,0,1
HOSPITAL DA CRIANCA DE MARINGA,SARANDI,10,1,0,0,1
HOSPITAL DA CRIANCA DE MARINGA,IGUARACU,11,1,0,1,0
HOSPITAL DA CRIANCA DE MARINGA,MARINGA,11,1,0,1,0
HOSPITAL DA CRIANCA DE MARINGA,MARINGA,12,1,0,1,1
HOSPITAL DA CRIANCA DE MARINGA,MARINGA,14,1,0,1,1
HOSPITAL DA CRIANCA DE MARINGA,MARINGA,15,1,0,1,1
HOSPITAL DA CRIANCA DE MARINGA,MANDAGUACU,16,1,0,1,1
HOSPITAL DA CRIANCA DE MARINGA,MARINGA,19,9,0,1,5
HOSPITAL DA CRIANCA DE MARINGA,MARINGA,20,7,0,1,6
HOSPITAL DA CRIANCA DE MARINGA,PAICANDU,20,1,0,1,1
HOSPITAL DA CRIANCA DE MARINGA,MARINGA,21,2,0,2,1
HOSPITAL DA CRIANCA DE MARINGA,MARINGA,22,2,0,2,2
HOSPITAL DA CRIANCA DE MARINGA,MARINGA,26,1,0,1,1
HOSPITAL DA CRIANCA DE MARINGA,MANDAGUARI,27,1,0,1,0
HOSPITAL DA CRIANCA DE MARINGA,MARINGA,27,1,1,1,1
HOSPITAL DA CRIANCA DE MARINGA,MARINGA,28,5,0,1,3
HOSPITAL DA CRIANCA DE MARINGA,MARINGA,29,2,0,2,1
HOSPITAL DA CRIANCA DE MARINGA,SARANDI,29,1,0,1,0
HOSPITAL DA CRIANCA DE MARINGA,FLORIDA,30,1,0,1,0
HOSPITAL DA CRIANCA DE MARINGA,MANDAGUARI,31,1,0,1,1
HOSPITAL DA CRIANCA DE MARINGA,MARINGA,33,1,0,1,1
HOSPITAL DE BASE DE SAO JOSE DO RIO PRETO,SARANDI,11,1,0,0,0
HOSPITAL DE BASE DE SAO JOSE DO RIO PRETO,ITAGUAJE,19,1,1,1,0
HOSPITAL DE BASE DE SAO JOSE DO RIO PRETO,MARINGA,25,1,0,1,1
HOSPITAL E MATERNIDADE MARINGA,SARANDI,17,1,0,1,0
HOSPITAL E MATERNIDADE SANTA CLARA,ATALAIA,1,1,0,0,0
HOSPITAL E MATERNIDADE SANTA CLARA,NOSSA SENHORA DAS GRACAS,1,1,0,1,0
HOSPITAL E MATERNIDADE SANTA CLARA,SANTO INACIO,1,1,0,1,1
HOSPITAL E MATERNIDADE SANTA CLARA,PARANACITY,2,1,0,0,1
HOSPITAL E MATERNIDADE SANTA CLARA,COLORADO,5,1,0,1,0
HOSPITAL E MATERNIDADE SANTA CLARA,NOSSA SENHORA DAS GRACAS,5,1,0,1,0
HOSPITAL E MATERNIDADE SANTA CLARA,SANTO INACIO,6,3,0,0,2
HOSPITAL E MATERNIDADE SANTA CLARA,COLORADO,7,1,0,0,1
HOSPITAL E MATERNIDADE SANTA CLARA,PARANACITY,7,1,0,0,0
HOSPITAL E MATERNIDADE SANTA CLARA,SANTO INACIO,7,1,0,0,1
HOSPITAL E MATERNIDADE SANTA CLARA,COLORADO,8,1,0,0,1
HOSPITAL E MATERNIDADE SANTA CLARA,COLORADO,9,1,0,0,1
HOSPITAL E MATERNIDADE SANTA CLARA,SANTO INACIO,9,3,0,0,3
HOSPITAL E MATERNIDADE SANTA CLARA,COLORADO,10,1,0,0,1
HOSPITAL E MATERNIDADE SANTA CLARA,SARANDI,10,1,0,0,1
HOSPITAL E MATERNIDADE SANTA CLARA,COLORADO,11,1,0,0,1
HOSPITAL E MATERNIDADE SANTA CLARA,ITAGUAJE,11,1,0,0,0
HOSPITAL E MATERNIDADE SANTA CLARA,ITAGUAJE,12,1,0,0,0
HOSPITAL E MATERNIDADE SANTA CLARA,LOBATO,12,1,0,0,1
HOSPITAL E MATERNIDADE SANTA CLARA,PARANACITY,12,1,0,0,0
HOSPITAL E MATERNIDADE SANTA CLARA,COLORADO,13,1,0,0,0
HOSPITAL E MATERNIDADE SANTA CLARA,COLORADO,14,1,0,0,0
HOSPITAL E MATERNIDADE SANTA CLARA,NOSSA SENHORA DAS GRACAS,14,1,0,0,0
HOSPITAL E MATERNIDADE SANTA CLARA,PARANACITY,14,1,0,1,0
HOSPITAL E MATERNIDADE SANTA CLARA,COLORADO,15,2,0,0,1
HOSPITAL E MATERNIDADE SANTA CLARA,COLORADO,16,3,0,0,1
HOSPITAL E MATERNIDADE SANTA CLARA,COLORADO,17,3,0,0,3
HOSPITAL E MATERNIDADE SANTA CLARA,SANTA FE,17,1,0,0,1
HOSPITAL E MATERNIDADE SANTA CLARA,COLORADO,18,1,0,0,1
HOSPITAL E MATERNIDADE SANTA CLARA,ITAGUAJE,18,2,0,0,2
HOSPITAL E MATERNIDADE SANTA CLARA,NOSSA SENHORA DAS GRACAS,18,1,0,0,1
HOSPITAL E MATERNIDADE SANTA CLARA,PARANACITY,18,1,0,0,1
HOSPITAL E MATERNIDADE SANTA CLARA,SANTA INES,18,1,0,0,1
HOSPITAL E MATERNIDADE SANTA CLARA,LOBATO,19,1,0,0,0
HOSPITAL E MATERNIDADE SANTA CLARA,PARANACITY,19,1,0,0,1
HOSPITAL E MATERNIDADE SANTA CLARA,COLORADO,21,3,0,1,1
HOSPITAL E MATERNIDADE SANTA CLARA,ATALAIA,22,4,0,0,3
HOSPITAL E MATERNIDADE SANTA CLARA,COLORADO,22,1,0,0,0
HOSPITAL E MATERNIDADE SANTA CLARA,ITAGUAJE,22,2,0,0,2
HOSPITAL E MATERNIDADE SANTA CLARA,NOSSA SENHORA DAS GRACAS,22,1,0,0,1
HOSPITAL E MATERNIDADE SANTA CLARA,ATALAIA,23,2,0,0,2
HOSPITAL E MATERNIDADE SANTA CLARA,COLORADO,23,3,0,0,2
HOSPITAL E MATERNIDADE SANTA CLARA,PARANACITY,23,1,0,0,1
HOSPITAL E MATERNIDADE SANTA CLARA,COLORADO,24,2,0,0,1
HOSPITAL E MATERNIDADE SANTA CLARA,NOSSA SENHORA DAS GRACAS,24,1,0,0,1
HOSPITAL E MATERNIDADE SANTA CLARA,COLORADO,25,2,0,0,2
HOSPITAL E MATERNIDADE SANTA CLARA,COLORADO,26,4,0,0,1
HOSPITAL E MATERNIDADE SANTA CLARA,PARANACITY,26,1,0,0,1
HOSPITAL E MATERNIDADE SANTA CLARA,COLORADO,27,1,0,0,0
HOSPITAL E MATERNIDADE SANTA CLARA,PARANACITY,27,1,0,0,1
HOSPITAL E MATERNIDADE SANTA CLARA,ATALAIA,28,1,0,0,0
HOSPITAL E MATERNIDADE SANTA CLARA,COLORADO,28,2,0,0,2
HOSPITAL E MATERNIDADE SANTA CLARA,COLORADO,29,2,0,0,1
HOSPITAL E MATERNIDADE SANTA CLARA,ITAGUAJE,29,1,0,0,1
HOSPITAL E MATERNIDADE SANTA CLARA,NOSSA SENHORA DAS GRACAS,30,1,0,0,0
HOSPITAL E MATERNIDADE SANTA CLARA,SANTO INACIO,30,1,0,0,0
HOSPITAL E MATERNIDADE SANTA CLARA,COLORADO,31,3,0,0,2
HOSPITAL E MATERNIDADE SANTA CLARA,SANTO INACIO,31,1,0,0,0
HOSPITAL E MATERNIDADE SANTA CLARA,ATALAIA,32,1,0,0,0
HOSPITAL E MATERNIDADE SANTA CLARA,COLORADO,32,1,0,0,0
HOSPITAL E MATERNIDADE SANTA CLARA,ITAGUAJE,32,2,0,0,0
HOSPITAL E MATERNIDADE SANTA CLARA,SANTA INES,33,1,0,0,0
HOSPITAL E MATERNIDADE SANTA CLARA,COLORADO,34,1,0,0,0
HOSPITAL E MATERNIDADE SAO MARCOS,MARINGA,7,1,0,1,1
HOSPITAL E MATERNIDADE SAO MARCOS,MARINGA,8,1,0,0,1
HOSPITAL E MATERNIDADE SAO MARCOS,MARINGA,10,1,0,1,1
HOSPITAL E MATERNIDADE SAO MARCOS,MARINGA,13,1,0,1,1
HOSPITAL E MATERNIDADE SAO MARCOS,MARINGA,15,1,0,0,1
HOSPITAL E MATERNIDADE SAO MARCOS,MARINGA,19,2,0,0,2
HOSPITAL E MATERNIDADE SAO MARCOS,MARINGA,29,1,0,1,1
HOSPITAL E MATERNIDADE SAO MARCOS,MARINGA,30,2,0,2,2
HOSPITAL E MATERNIDADE SAO MARCOS,MARINGA,32,1,0,0,1
HOSPITAL E MATERNIDADE SAO MARCOS,SARANDI,32,1,0,1,1
HOSPITAL E MATERNIDADE SAO MARCOS,MARINGA,33,2,0,1,1
HOSPITAL E MATERNIDADE SAO MARCOS,MANDAGUARI,34,1,0,1,1
HOSPITAL FILANTROPICO POLICLINICA,MARINGA,10,1,0,1,0
HOSPITAL GERAL UNIMED,MARINGA,3,1,0,1,0
HOSPITAL GERAL UNIMED HGU,MARINGA,7,1,0,0,1
HOSPITAL INFANTIL PEQUENO PRINCIPE,SARANDI,4,1,0,0,0
HOSPITAL INFANTIL PEQUENO PRINCIPE,MARINGA,6,1,0,0,0
HOSPITAL INFANTIL PEQUENO PRINCIPE,MANDAGUACU,8,1,0,0,0
HOSPITAL INFANTIL PEQUENO PRINCIPE,MARINGA,20,1,0,0,0
HOSPITAL INFANTIL PEQUENO PRINCIPE,MARINGA,21,1,0,0,0
HOSPITAL INFANTIL PEQUENO PRINCIPE,MARINGA,25,1,0,0,0
HOSPITAL INFANTIL PEQUENO PRINCIPE,MUNHOZ DE MELO,28,1,0,0,0
HOSPITAL INFANTIL PEQUENO PRINCIPE,MARINGA,30,1,0,0,0
HOSPITAL INFANTIL PEQUENO PRINCIPE,OURIZONA,30,1,0,1,0
HOSPITAL INFANTIL UNIMED,SANTO INACIO,21,1,0,0,0
HOSPITAL MEMORIAL UNINGA,MARINGA,3,3,0,0,1
HOSPITAL MEMORIAL UNINGA,MANDAGUACU,5,2,0,0,2
HOSPITAL MEMORIAL UNINGA,MARINGA,5,1,0,1,1
HOSPITAL MEMORIAL UNINGA,MARINGA,7,1,0,1,0
HOSPITAL MEMORIAL UNINGA,MARINGA,18,1,0,1,0
HOSPITAL MEMORIAL UNINGA,MARINGA,26,1,0,0,1
HOSPITAL MEMORIAL UNINGA,MARINGA,27,2,0,2,1
HOSPITAL MEMORIAL UNINGA,ASTORGA,30,1,1,1,1
HOSPITAL MEMORIAL UNINGA,DOUTOR CAMARGO,30,1,0,1,1
HOSPITAL MEMORIAL UNINGA,MARINGA,30,3,0,1,0
HOSPITAL MEMORIAL UNINGA,SARANDI,30,1,0,1,0
HOSPITAL MEMORIAL UNINGA,MARINGA,31,2,0,1,1
HOSPITAL MUNICIPAL DE MARINGA THELMA VILLANOVA KASPROWICZ,MANDAGUARI,3,1,0,1,0
HOSPITAL MUNICIPAL DE MARINGA THELMA VILLANOVA KASPROWICZ,MARINGA,4,1,1,1,1
HOSPITAL MUNICIPAL DE MARINGA THELMA VILLANOVA KASPROWICZ,MARINGA,6,2,0,1,2
HOSPITAL MUNICIPAL DE MARINGA THELMA VILLANOVA KASPROWICZ,MARINGA,8,1,0,0,0
HOSPITAL MUNICIPAL DE MARINGA THELMA VILLANOVA KASPROWICZ,MARINGA,10,1,0,1,0
HOSPITAL MUNICIPAL DE MARINGA THELMA VILLANOVA KASPROWICZ,MARINGA,11,1,0,1,1
HOSPITAL MUNICIPAL DE MARINGA THELMA VILLANOVA KASPROWICZ,MARINGA,12,1,0,0,1
HOSPITAL MUNICIPAL DE MARINGA THELMA VILLANOVA KASPROWICZ,MARINGA,13,3,1,2,2
HOSPITAL MUNICIPAL DE MARINGA THELMA VILLANOVA KASPROWICZ,MARINGA,14,2,1,1,2
HOSPITAL MUNICIPAL DE MARINGA THELMA VILLANOVA KASPROWICZ,MARINGA,15,4,2,4,3
HOSPITAL MUNICIPAL DE MARINGA THELMA VILLANOVA KASPROWICZ,SARANDI,15,1,0,1,0
HOSPITAL MUNICIPAL DE MARINGA THELMA VILLANOVA KASPROWICZ,MARINGA,16,2,1,0,2
HOSPITAL MUNICIPAL DE MARINGA THELMA VILLANOVA KASPROWICZ,MARINGA,17,3,1,0,3
HOSPITAL MUNICIPAL DE MARINGA THELMA VILLANOVA KASPROWICZ,SARANDI,17,1,1,1,0
HOSPITAL MUNICIPAL DE MARINGA THELMA VILLANOVA KASPROWICZ,MARINGA,18,1,0,1,1
HOSPITAL MUNICIPAL DE MARINGA THELMA VILLANOVA KASPROWICZ,MARINGA,19,1,1,1,0
HOSPITAL MUNICIPAL DE MARINGA THELMA VILLANOVA KASPROWICZ,MARINGA,20,2,1,2,2
HOSPITAL MUNICIPAL DE MARINGA THELMA VILLANOVA KASPROWICZ,SARANDI,20,1,0,1,0
HOSPITAL MUNICIPAL DE MARINGA THELMA VILLANOVA KASPROWICZ,MARINGA,21,1,0,0,1
HOSPITAL MUNICIPAL DE MARINGA THELMA VILLANOVA KASPROWICZ,MARINGA,22,4,1,2,4
HOSPITAL MUNICIPAL DE MARINGA THELMA VILLANOVA KASPROWICZ,SAO JORGE DO IVAI,22,1,1,1,0
HOSPITAL MUNICIPAL DE MARINGA THELMA VILLANOVA KASPROWICZ,MARINGA,23,1,0,0,1
HOSPITAL MUNICIPAL DE MARINGA THELMA VILLANOVA KASPROWICZ,MARINGA,24,2,1,1,1
HOSPITAL MUNICIPAL DE MARINGA THELMA VILLANOVA KASPROWICZ,MARINGA,25,1,0,0,1
HOSPITAL MUNICIPAL DE MARINGA THELMA VILLANOVA KASPROWICZ,MARINGA,26,1,0,1,1
HOSPITAL MUNICIPAL DE MARINGA THELMA VILLANOVA KASPROWICZ,MARINGA,28,5,3,3,5
HOSPITAL MUNICIPAL DE MARINGA THELMA VILLANOVA KASPROWICZ,MARINGA,29,6,0,2,3
HOSPITAL MUNICIPAL DE MARINGA THELMA VILLANOVA KASPROWICZ,MARINGA,30,3,2,1,2
HOSPITAL MUNICIPAL DE MARINGA THELMA VILLANOVA KASPROWICZ,MARINGA,31,2,0,1,2
HOSPITAL MUNICIPAL DE MARINGA THELMA VILLANOVA KASPROWICZ,MARINGA,32,2,0,1,2
HOSPITAL MUNICIPAL DE MARINGA THELMA VILLANOVA KASPROWICZ,MARINGA,33,2,1,1,0
HOSPITAL MUNICIPAL DE MARINGA THELMA VILLANOVA KASPROWICZ,MARINGA,34,1,0,0,0
HOSPITAL MUNICIPAL SANTA MARIA FLORESTA,FLORESTA,21,2,0,0,0
HOSPITAL MUNICIPAL SANTA MARIA FLORESTA,FLORESTA,22,2,0,0,0
HOSPITAL PARANA,DOUTOR CAMARGO,2,1,0,0,1
HOSPITAL PARANA,MARINGA,3,1,1,1,1
HOSPITAL PARANA,SARANDI,3,1,0,1,1
HOSPITAL PARANA,SARANDI,6,1,1,1,0
HOSPITAL PARANA,MARINGA,21,2,0,1,1
HOSPITAL PARANA,MARINGA,23,1,0,1,0
HOSPITAL PARANA,MARINGA,32,1,0,1,0
HOSPITAL REGIONAL CRISTO REI,ASTORGA,7,1,0,0,1
HOSPITAL REGIONAL CRISTO REI,ASTORGA,8,1,0,0,0
HOSPITAL REGIONAL CRISTO REI,ASTORGA,15,1,0,0,1
HOSPITAL REGIONAL CRISTO REI,ASTORGA,19,2,0,0,2
HOSPITAL REGIONAL CRISTO REI,SANTA FE,19,1,0,1,0
HOSPITAL REGIONAL CRISTO REI,ASTORGA,21,1,0,0,1
HOSPITAL REGIONAL CRISTO REI,ASTORGA,27,1,0,0,0
HOSPITAL REGIONAL CRISTO REI,ASTORGA,32,2,0,0,1
HOSPITAL REGIONAL RUTH CARDOSO,MARINGA,15,1,0,0,0
HOSPITAL REGIONAL RUTH CARDOSO,MARINGA,25,1,0,0,0
HOSPITAL SANTA RITA,MARINGA,11,1,0,0,0
HOSPITAL SANTA RITA,PAICANDU,16,1,0,0,0
HOSPITAL SANTA RITA,MARINGA,19,1,1,0,0
HOSPITAL SANTA RITA,MARINGA,21,1,1,0,1
HOSPITAL SANTA RITA,MARINGA,22,3,1,2,2
HOSPITAL SANTA RITA,MARINGA,25,2,1,2,1
HOSPITAL SANTA RITA,MARINGA,26,2,1,1,0
HOSPITAL SANTA RITA,MARINGA,27,1,0,1,1
HOSPITAL SAO MARCELINO CHAMPAGNAT,MARINGA,1,1,0,1,1
HOSPITAL SAO RAFAEL,SANTA INES,28,1,0,0,0
HOSPITAL SAO RAFAEL,SANTA INES,33,1,0,0,0
HOSPITAL UNIVERSITARIO REGIONAL DE MARINGA,MARINGA,3,1,0,1,1
HOSPITAL UNIVERSITARIO REGIONAL DE MARINGA,PAICANDU,6,1,0,1,1
HOSPITAL UNIVERSITARIO REGIONAL DE MARINGA,MARINGA,7,1,0,1,1
HOSPITAL UNIVERSITARIO REGIONAL DE MARINGA,PAICANDU,7,2,0,2,2
HOSPITAL UNIVERSITARIO REGIONAL DE MARINGA,SARANDI,9,1,0,1,1
HOSPITAL UNIVERSITARIO REGIONAL DE MARINGA,MARIALVA,10,1,0,1,1
HOSPITAL UNIVERSITARIO REGIONAL DE MARINGA,MARINGA,10,2,0,2,1
HOSPITAL UNIVERSITARIO REGIONAL DE MARINGA,SANTO INACIO,10,1,0,1,1
HOSPITAL UNIVERSITARIO REGIONAL DE MARINGA,MARINGA,11,2,0,2,1
HOSPITAL UNIVERSITARIO REGIONAL DE MARINGA,MARIALVA,12,1,0,1,1
HOSPITAL UNIVERSITARIO REGIONAL DE MARINGA,MARINGA,12,2,0,2,2
HOSPITAL UNIVERSITARIO REGIONAL DE MARINGA,MARINGA,14,2,0,2,2
HOSPITAL UNIVERSITARIO REGIONAL DE MARINGA,MARINGA,15,1,0,1,1
HOSPITAL UNIVERSITARIO REGIONAL DE MARINGA,SARANDI,15,1,0,1,0
HOSPITAL UNIVERSITARIO REGIONAL DE MARINGA,SARANDI,17,1,0,1,1
HOSPITAL UNIVERSITARIO REGIONAL DE MARINGA,PAICANDU,19,1,0,1,1
HOSPITAL UNIVERSITARIO REGIONAL DE MARINGA,MARIALVA,20,1,0,1,1
HOSPITAL UNIVERSITARIO REGIONAL DE MARINGA,MARINGA,20,1,0,1,1
HOSPITAL UNIVERSITARIO REGIONAL DE MARINGA,PAICANDU,20,1,0,1,1
HOSPITAL UNIVERSITARIO REGIONAL DE MARINGA,SARANDI,20,1,0,1,1
HOSPITAL UNIVERSITARIO REGIONAL DE MARINGA,NOSSA SENHORA DAS GRACAS,21,1,0,1,0
HOSPITAL UNIVERSITARIO REGIONAL DE MARINGA,ASTORGA,22,1,0,1,0
HOSPITAL UNIVERSITARIO REGIONAL DE MARINGA,NOVA ESPERANCA,24,1,1,1,1
HOSPITAL UNIVERSITARIO REGIONAL DE MARINGA,FLORESTA,25,1,0,1,1
HOSPITAL UNIVERSITARIO REGIONAL DE MARINGA,SANTA FE,26,1,0,1,1
HOSPITAL UNIVERSITARIO REGIONAL DE MARINGA,MARIALVA,27,1,0,1,1
HOSPITAL UNIVERSITARIO REGIONAL DE MARINGA,MARINGA,28,1,0,1,1
HOSPITAL UNIVERSITARIO REGIONAL DE MARINGA,PARANACITY,29,1,0,1,1
HOSPITAL UNIVERSITARIO REGIONAL DE MARINGA,PAICANDU,30,1,0,1,0
HOSPITAL UNIVERSITARIO REGIONAL DE MARINGA,MANDAGUARI,32,1,0,1,0
HOSPITAL UNIVERSITARIO REGIONAL DE MARINGA,MARINGA,34,2,0,1,0
INSTITUTO BOM JESUS,MARIALVA,5,1,0,1,1
ISCAL,PAICANDU,32,1,0,1,0
ISCAL,SARANDI,32,1,0,1,0
METROPOLITANA DE SARANDI,MARIALVA,1,1,0,0,0
METROPOLITANA DE SARANDI,MARINGA,1,3,0,0,2
METROPOLITANA DE SARANDI,SARANDI,1,1,0,0,1
METROPOLITANA DE SARANDI,MARINGA,2,2,0,1,1
METROPOLITANA DE SARANDI,SARANDI,2,4,1,2,1
METROPOLITANA DE SARANDI,MANDAGUACU,3,1,0,0,0
METROPOLITANA DE SARANDI,MARIALVA,3,2,0,1,0
METROPOLITANA DE SARANDI,MARINGA,3,2,0,0,0
METROPOLITANA DE SARANDI,SARANDI,3,1,0,0,0
METROPOLITANA DE SARANDI,MANDAGUACU,4,1,0,0,0
METROPOLITANA DE SARANDI,MARIALVA,4,1,0,0,0
METROPOLITANA DE SARANDI,SARANDI,4,2,0,0,0
METROPOLITANA DE SARANDI,MARINGA,5,2,1,1,2
METROPOLITANA DE SARANDI,SARANDI,5,1,0,0,0
METROPOLITANA DE SARANDI,MARINGA,6,1,0,0,0
METROPOLITANA DE SARANDI,MARINGA,7,2,0,1,0
METROPOLITANA DE SARANDI,PAICANDU,7,1,1,1,1
METROPOLITANA DE SARANDI,SARANDI,7,1,0,1,1
METROPOLITANA DE SARANDI,MANDAGUACU,8,1,0,0,0
METROPOLITANA DE SARANDI,MARIALVA,8,1,0,0,0
METROPOLITANA DE SARANDI,MARINGA,8,2,0,0,0
METROPOLITANA DE SARANDI,SARANDI,8,3,0,0,0
METROPOLITANA DE SARANDI,MARINGA,9,4,0,0,1
METROPOLITANA DE SARANDI,SAO JORGE DO IVAI,9,2,0,0,0
METROPOLITANA DE SARANDI,MARIALVA,10,1,0,1,0
METROPOLITANA DE SARANDI,MARINGA,10,7,1,1,3
METROPOLITANA DE SARANDI,SARANDI,10,3,0,2,0
METROPOLITANA DE SARANDI,ITAMBE,11,1,0,0,1
METROPOLITANA DE SARANDI,MANDAGUARI,11,1,0,1,0
METROPOLITANA DE SARANDI,MARINGA,11,2,0,1,0
METROPOLITANA DE SARANDI,SARANDI,11,3,0,2,2
METROPOLITANA DE SARANDI,MARIALVA,12,1,0,0,1
METROPOLITANA DE SARANDI,MARINGA,12,2,0,2,0
METROPOLITANA DE SARANDI,SARANDI,12,2,0,1,1
METROPOLITANA DE SARANDI,ITAMBE,13,1,0,0,1
METROPOLITANA DE SARANDI,MANDAGUARI,13,1,0,1,0
METROPOLITANA DE SARANDI,MARIALVA,13,2,0,1,1
METROPOLITANA DE SARANDI,MARINGA,13,5,1,0,1
METROPOLITANA DE SARANDI,NOVA ESPERANCA,13,1,0,1,0
METROPOLITANA DE SARANDI,MARIALVA,14,2,0,0,2
METROPOLITANA DE SARANDI,MARINGA,14,3,0,1,1
METROPOLITANA DE SARANDI,PAICANDU,14,1,0,0,0
METROPOLITANA DE SARANDI,MARIALVA,15,4,1,1,1
METROPOLITANA DE SARANDI,MARINGA,15,6,0,0,3
METROPOLITANA DE SARANDI,SAO JORGE DO IVAI,15,1,0,1,0
METROPOLITANA DE SARANDI,MARINGA,16,6,0,2,3
METROPOLITANA DE SARANDI,SARANDI,16,1,1,0,1
METROPOLITANA DE SARANDI,MARINGA,17,7,0,1,5
METROPOLITANA DE SARANDI,SARANDI,17,3,0,1,0
METROPOLITANA DE SARANDI,MARINGA,18,1,0,0,0
METROPOLITANA DE SARANDI,PAICANDU,18,1,0,0,1
METROPOLITANA DE SARANDI,SARANDI,18,1,0,1,1
METROPOLITANA DE SARANDI,MARINGA,19,6,0,2,3
METROPOLITANA DE SARANDI,SARANDI,19,3,0,1,1
METROPOLITANA DE SARANDI,MARIALVA,20,2,0,0,0
METROPOLITANA DE SARANDI,MARINGA,20,10,0,2,5
METROPOLITANA DE SARANDI,PAICANDU,20,1,0,1,0
METROPOLITANA DE SARANDI,SARANDI,20,2,0,1,1
METROPOLITANA DE SARANDI,MARINGA,21,3,0,1,0
METROPOLITANA DE SARANDI,SARANDI,21,3,0,0,1
METROPOLITANA DE SARANDI,MARINGA,22,10,1,4,4
METROPOLITANA DE SARANDI,SARANDI,22,5,0,1,3
METROPOLITANA DE SARANDI,MARIALVA,23,4,0,0,0
METROPOLITANA DE SARANDI,MARINGA,23,9,2,4,8
METROPOLITANA DE SARANDI,SARANDI,23,5,1,1,2
METROPOLITANA DE SARANDI,MARIALVA,24,2,0,0,1
METROPOLITANA DE SARANDI,MARINGA,24,11,2,3,7
METROPOLITANA DE SARANDI,SARANDI,24,5,1,1,1
METROPOLITANA DE SARANDI,MARIALVA,25,4,0,1,2
METROPOLITANA DE SARANDI,MARINGA,25,17,0,2,8
METROPOLITANA DE SARANDI,ITAMBE,26,3,0,1,0
METROPOLITANA DE SARANDI,MARIALVA,26,2,0,1,0
METROPOLITANA DE SARANDI,MARINGA,26,8,0,2,6
METROPOLITANA DE SARANDI,PAICANDU,26,1,0,0,0
METROPOLITANA DE SARANDI,SARANDI,26,2,0,1,0
METROPOLITANA DE SARANDI,FLORAI,27,1,0,0,1
METROPOLITANA DE SARANDI,MARIALVA,27,1,0,1,0
METROPOLITANA DE SARANDI,MARINGA,27,4,0,1,1
METROPOLITANA DE SARANDI,NOVA ESPERANCA,27,1,1,1,1
METROPOLITANA DE SARANDI,SARANDI,27,3,1,2,1
METROPOLITANA DE SARANDI,FLORAI,28,1,0,0,0
METROPOLITANA DE SARANDI,MARIALVA,28,2,0,1,1
METROPOLITANA DE SARANDI,MARINGA,28,5,0,2,4
METROPOLITANA DE SARANDI,SARANDI,28,3,0,0,1
METROPOLITANA DE SARANDI,MANDAGUACU,29,1,0,0,1
METROPOLITANA DE SARANDI,MARIALVA,29,3,0,1,1
METROPOLITANA DE SARANDI,MARINGA,29,7,0,1,3
METROPOLITANA DE SARANDI,PAICANDU,29,1,0,1,1
METROPOLITANA DE SARANDI,SARANDI,29,2,0,0,0
METROPOLITANA DE SARANDI,MANDAGUACU,30,1,0,1,0
METROPOLITANA DE SARANDI,MARINGA,30,5,0,3,2
METROPOLITANA DE SARANDI,SARANDI,30,2,0,1,2
METROPOLITANA DE SARANDI,ITAMBE,31,2,0,0,0
METROPOLITANA DE SARANDI,MARIALVA,31,1,0,0,0
METROPOLITANA DE SARANDI,MARINGA,31,3,0,1,1
METROPOLITANA DE SARANDI,MARIALVA,32,2,0,0,0
METROPOLITANA DE SARANDI,MARINGA,32,4,0,2,0
METROPOLITANA DE SARANDI,OURIZONA,32,1,0,1,0
METROPOLITANA DE SARANDI,SARANDI,32,4,0,2,1
METROPOLITANA DE SARANDI,MARIALVA,33,2,0,2,0
METROPOLITANA DE SARANDI,MARINGA,33,1,0,0,0
METROPOLITANA DE SARANDI,FLORAI,34,1,0,1,0
METROPOLITANA DE SARANDI,MARIALVA,34,1,0,0,0
METROPOLITANA DE SARANDI,SARANDI,34,1,0,0,0
PRONTO ATENDIMENTO DA CRIANCA PAC,MARINGA,6,1,0,0,0
PRONTO ATENDIMENTO DA CRIANCA PAC,MARINGA,7,1,0,0,0
PRONTO ATENDIMENTO DA CRIANCA PAC,MARINGA,8,3,0,0,0
PRONTO ATENDIMENTO DA CRIANCA PAC,MARINGA,9,2,0,0,2
PRONTO ATENDIMENTO DA CRIANCA PAC,MARINGA,10,1,0,0,1
PRONTO ATENDIMENTO DA CRIANCA PAC,MANDAGUACU,11,1,0,0,1
PRONTO ATENDIMENTO DA CRIANCA PAC,MARINGA,11,2,0,1,1
PRONTO ATENDIMENTO DA CRIANCA PAC,MARINGA,12,2,0,0,1
PRONTO ATENDIMENTO DA CRIANCA PAC,MARINGA,14,3,0,0,2
PRONTO ATENDIMENTO DA CRIANCA PAC,PAICANDU,14,1,0,0,1
PRONTO ATENDIMENTO DA CRIANCA PAC,MANDAGUACU,15,1,0,0,1
PRONTO ATENDIMENTO DA CRIANCA PAC,MARINGA,15,10,0,2,7
PRONTO ATENDIMENTO DA CRIANCA PAC,MARINGA,16,7,0,1,6
PRONTO ATENDIMENTO DA CRIANCA PAC,MARINGA,17,13,0,0,11
PRONTO ATENDIMENTO DA CRIANCA PAC,MARINGA,18,18,0,3,17
PRONTO ATENDIMENTO DA CRIANCA PAC,MARINGA,19,12,0,2,10
PRONTO ATENDIMENTO DA CRIANCA PAC,MARINGA,20,20,0,2,17
PRONTO ATENDIMENTO DA CRIANCA PAC,MARINGA,21,11,0,4,8
PRONTO ATENDIMENTO DA CRIANCA PAC,MARINGA,22,7,0,1,7
PRONTO ATENDIMENTO DA CRIANCA PAC,SARANDI,22,2,0,0,2
PRONTO ATENDIMENTO DA CRIANCA PAC,MARINGA,23,9,0,3,8
PRONTO ATENDIMENTO DA CRIANCA PAC,MARINGA,24,3,0,1,2
PRONTO ATENDIMENTO DA CRIANCA PAC,MARINGA,25,11,0,0,8
PRONTO ATENDIMENTO DA CRIANCA PAC,MARINGA,26,7,0,1,6
PRONTO ATENDIMENTO DA CRIANCA PAC,SARANDI,26,1,0,0,0
PRONTO ATENDIMENTO DA CRIANCA PAC,MANDAGUARI,27,1,0,0,1
PRONTO ATENDIMENTO DA CRIANCA PAC,MARINGA,27,17,0,0,10
PRONTO ATENDIMENTO DA CRIANCA PAC,MARINGA,28,16,0,0,14
PRONTO ATENDIMENTO DA CRIANCA PAC,IGUARACU,29,1,0,0,0
PRONTO ATENDIMENTO DA CRIANCA PAC,MARINGA,29,12,0,1,9
PRONTO ATENDIMENTO DA CRIANCA PAC,MARINGA,30,10,0,1,7
PRONTO ATENDIMENTO DA CRIANCA PAC,MARINGA,31,15,0,0,10
PRONTO ATENDIMENTO DA CRIANCA PAC,MARINGA,32,8,0,0,3
PRONTO ATENDIMENTO DA CRIANCA PAC,MARINGA,33,9,0,0,8
PRONTO ATENDIMENTO DA CRIANCA PAC,MARINGA,34,5,0,0,2
SANTA CASA DE MARINGA HOSPITAL E MAT M AUXILIADORA,SARANDI,1,1,0,1,0
SANTA CASA DE MARINGA HOSPITAL E MAT M AUXILIADORA,MARINGA,7,1,0,1,0
SANTA CASA DE MARINGA HOSPITAL E MAT M AUXILIADORA,MARIALVA,8,1,0,1,1
SANTA CASA DE MARINGA HOSPITAL E MAT M AUXILIADORA,MARINGA,8,1,0,1,1
SANTA CASA DE MARINGA HOSPITAL E MAT M AUXILIADORA,MUNHOZ DE MELO,9,1,0,1,1
SANTA CASA DE MARINGA HOSPITAL E MAT M AUXILIADORA,ITAMBE,14,1,0,1,1
SANTA CASA DE MARINGA HOSPITAL E MAT M AUXILIADORA,MARIALVA,14,1,0,1,1
SANTA CASA DE MARINGA HOSPITAL E MAT M AUXILIADORA,MARINGA,14,1,0,1,1
SANTA CASA DE MARINGA HOSPITAL E MAT M AUXILIADORA,SANTA FE,14,2,0,2,0
SANTA CASA DE MARINGA HOSPITAL E MAT M AUXILIADORA,FLORAI,15,1,0,1,0
SANTA CASA DE MARINGA HOSPITAL E MAT M AUXILIADORA,MANDAGUARI,15,1,0,1,1
SANTA CASA DE MARINGA HOSPITAL E MAT M AUXILIADORA,MARINGA,15,2,0,2,2
SANTA CASA DE MARINGA HOSPITAL E MAT M AUXILIADORA,SARANDI,15,3,0,3,2
SANTA CASA DE MARINGA HOSPITAL E MAT M AUXILIADORA,MARIALVA,16,1,0,1,0
SANTA CASA DE MARINGA HOSPITAL E MAT M AUXILIADORA,NOVA ESPERANCA,17,1,0,1,1
SANTA CASA DE MARINGA HOSPITAL E MAT M AUXILIADORA,SAO JORGE DO IVAI,17,1,0,1,0
SANTA CASA DE MARINGA HOSPITAL E MAT M AUXILIADORA,SARANDI,17,1,0,1,0
SANTA CASA DE MARINGA HOSPITAL E MAT M AUXILIADORA,MANDAGUACU,18,2,0,2,0
SANTA CASA DE MARINGA HOSPITAL E MAT M AUXILIADORA,MARIALVA,18,2,0,1,2
SANTA CASA DE MARINGA HOSPITAL E MAT M AUXILIADORA,MARINGA,18,4,0,0,4
SANTA CASA DE MARINGA HOSPITAL E MAT M AUXILIADORA,SARANDI,18,1,0,0,0
SANTA CASA DE MARINGA HOSPITAL E MAT M AUXILIADORA,ASTORGA,19,1,0,1,1
SANTA CASA DE MARINGA HOSPITAL E MAT M AUXILIADORA,MANDAGUACU,19,1,0,1,1
SANTA CASA DE MARINGA HOSPITAL E MAT M AUXILIADORA,MARIALVA,19,2,0,2,0
SANTA CASA DE MARINGA HOSPITAL E MAT M AUXILIADORA,MARINGA,19,2,0,2,2
SANTA CASA DE MARINGA HOSPITAL E MAT M AUXILIADORA,MANDAGUARI,20,1,0,1,1
SANTA CASA DE MARINGA HOSPITAL E MAT M AUXILIADORA,MARIALVA,20,1,0,1,0
SANTA CASA DE MARINGA HOSPITAL E MAT M AUXILIADORA,MARINGA,20,4,0,4,3
SANTA CASA DE MARINGA HOSPITAL E MAT M AUXILIADORA,MARINGA,21,2,0,2,2
SANTA CASA DE MARINGA HOSPITAL E MAT M AUXILIADORA,NOVA ESPERANCA,21,1,0,1,1
SANTA CASA DE MARINGA HOSPITAL E MAT M AUXILIADORA,SARANDI,21,1,0,1,1
SANTA CASA DE MARINGA HOSPITAL E MAT M AUXILIADORA,MARINGA,22,3,0,3,3
SANTA CASA DE MARINGA HOSPITAL E MAT M AUXILIADORA,ASTORGA,23,1,0,1,1
SANTA CASA DE MARINGA HOSPITAL E MAT M AUXILIADORA,MANDAGUARI,23,1,0,1,0
SANTA CASA DE MARINGA HOSPITAL E MAT M AUXILIADORA,MARINGA,23,2,0,2,2
SANTA CASA DE MARINGA HOSPITAL E MAT M AUXILIADORA,MARINGA,24,1,0,1,1
SANTA CASA DE MARINGA HOSPITAL E MAT M AUXILIADORA,MARIALVA,25,1,0,1,0
SANTA CASA DE MARINGA HOSPITAL E MAT M AUXILIADORA,MARINGA,25,3,1,2,2
SANTA CASA DE MARINGA HOSPITAL E MAT M AUXILIADORA,SARANDI,25,2,0,1,2
SANTA CASA DE MARINGA HOSPITAL E MAT M AUXILIADORA,FLORESTA,26,1,0,0,1
SANTA CASA DE MARINGA HOSPITAL E MAT M AUXILIADORA,MARIALVA,26,1,0,1,1
SANTA CASA DE MARINGA HOSPITAL E MAT M AUXILIADORA,MARINGA,26,3,0,3,3
SANTA CASA DE MARINGA HOSPITAL E MAT M AUXILIADORA,SARANDI,26,2,0,2,2
SANTA CASA DE MARINGA HOSPITAL E MAT M AUXILIADORA,MARIALVA,27,1,0,1,1
SANTA CASA DE MARINGA HOSPITAL E MAT M AUXILIADORA,MARINGA,27,1,0,1,1
SANTA CASA DE MARINGA HOSPITAL E MAT M AUXILIADORA,PAICANDU,27,1,0,1,1
SANTA CASA DE MARINGA HOSPITAL E MAT M AUXILIADORA,MARINGA,28,4,1,4,3
SANTA CASA DE MARINGA HOSPITAL E MAT M AUXILIADORA,MANDAGUACU,29,1,0,1,1
SANTA CASA DE MARINGA HOSPITAL E MAT M AUXILIADORA,MARINGA,29,1,0,1,0
SANTA CASA DE MARINGA HOSPITAL E MAT M AUXILIADORA,ASTORGA,31,1,0,1,1
SANTA CASA DE MARINGA HOSPITAL E MAT M AUXILIADORA,MARINGA,31,1,0,1,0
SANTA CASA DE MARINGA HOSPITAL E MAT M AUXILIADORA,SARANDI,31,1,0,1,1
UNIDADE DE PRONTO ATENDIMENTO UPA ZONA NORTE,MARINGA,1,2,0,1,1
UNIDADE DE PRONTO ATENDIMENTO UPA ZONA NORTE,MARINGA,2,2,0,1,0
UNIDADE DE PRONTO ATENDIMENTO UPA ZONA NORTE,MARINGA,3,2,1,1,1
UNIDADE DE PRONTO ATENDIMENTO UPA ZONA NORTE,MARINGA,4,3,0,0,2
UNIDADE DE PRONTO ATENDIMENTO UPA ZONA NORTE,MARINGA,5,5,2,2,3
UNIDADE DE PRONTO ATENDIMENTO UPA ZONA NORTE,MARINGA,6,3,0,0,1
UNIDADE DE PRONTO ATENDIMENTO UPA ZONA NORTE,MARINGA,7,2,0,2,2
UNIDADE DE PRONTO ATENDIMENTO UPA ZONA NORTE,MARINGA,9,4,2,1,3
UNIDADE DE PRONTO ATENDIMENTO UPA ZONA NORTE,MARINGA,10,2,2,1,1
UNIDADE DE PRONTO ATENDIMENTO UPA ZONA NORTE,MARINGA,11,3,0,1,3
UNIDADE DE PRONTO ATENDIMENTO UPA ZONA NORTE,MARINGA,12,2,0,2,1
UNIDADE DE PRONTO ATENDIMENTO UPA ZONA NORTE,MARINGA,14,1,1,1,0
UNIDADE DE PRONTO ATENDIMENTO UPA ZONA NORTE,MARINGA,15,2,0,2,1
UNIDADE DE PRONTO ATENDIMENTO UPA ZONA NORTE,MARINGA,17,1,0,1,1
UNIDADE DE PRONTO ATENDIMENTO UPA ZONA NORTE,MARINGA,18,1,1,0,1
UNIDADE DE PRONTO ATENDIMENTO UPA ZONA NORTE,MARINGA,20,1,0,1,1
UNIDADE DE PRONTO ATENDIMENTO UPA ZONA NORTE,MARINGA,21,3,1,1,2
UNIDADE DE PRONTO ATENDIMENTO UPA ZONA NORTE,MARINGA,22,4,3,3,2
UNIDADE DE PRONTO ATENDIMENTO UPA ZONA NORTE,MARINGA,23,9,1,2,7
UNIDADE DE PRONTO ATENDIMENTO UPA ZONA NORTE,MARINGA,24,6,4,1,6
UNIDADE DE PRONTO ATENDIMENTO UPA ZONA NORTE,MARINGA,25,5,3,3,5
UNIDADE DE PRONTO ATENDIMENTO UPA ZONA NORTE,MARINGA,26,4,2,3,1
UNIDADE DE PRONTO ATENDIMENTO UPA ZONA NORTE,MARINGA,27,6,1,0,5
UNIDADE DE PRONTO ATENDIMENTO UPA ZONA NORTE,MARINGA,28,4,2,0,3
UNIDADE DE PRONTO ATENDIMENTO UPA ZONA NORTE,MARINGA,29,3,0,0,3
UNIDADE DE PRONTO ATENDIMENTO UPA ZONA NORTE,MARINGA,30,3,1,2,1
UNIDADE DE PRONTO ATENDIMENTO UPA ZONA NORTE,MARINGA,31,2,0,1,2
UNIDADE DE PRONTO ATENDIMENTO UPA ZONA NORTE,MARINGA,32,1,0,1,1
UNIDADE DE PRONTO ATENDIMENTO UPA ZONA NORTE,MARINGA,33,6,1,3,5
UNIDADE DE PRONTO ATENDIMENTO UPA ZONA SUL,MARINGA,1,2,0,1,2
UNIDADE DE PRONTO ATENDIMENTO UPA ZONA SUL,MARINGA,2,1,1,1,0
UNIDADE DE PRONTO ATENDIMENTO UPA ZONA SUL,MARINGA,3,2,0,0,1
UNIDADE DE PRONTO ATENDIMENTO UPA ZONA SUL,MARINGA,4,1,0,0,0
UNIDADE DE PRONTO ATENDIMENTO UPA ZONA SUL,MARINGA,6,6,1,1,5
UNIDADE DE PRONTO ATENDIMENTO UPA ZONA SUL,MARINGA,7,3,0,0,1
UNIDADE DE PRONTO ATENDIMENTO UPA ZONA SUL,MARINGA,11,6,1,0,2
UNIDADE DE PRONTO ATENDIMENTO UPA ZONA SUL,MARINGA,12,1,1,0,0
UNIDADE DE PRONTO ATENDIMENTO UPA ZONA SUL,MARINGA,14,2,0,0,2
UNIDADE DE PRONTO ATENDIMENTO UPA ZONA SUL,MARINGA,15,2,0,1,2
UNIDADE DE PRONTO ATENDIMENTO UPA ZONA SUL,MARINGA,16,3,0,1,3
UNIDADE DE PRONTO ATENDIMENTO UPA ZONA SUL,MARINGA,17,3,1,0,2
UNIDADE DE PRONTO ATENDIMENTO UPA ZONA SUL,MARINGA,20,2,0,0,2
UNIDADE DE PRONTO ATENDIMENTO UPA ZONA SUL,MARINGA,21,11,3,1,7
UNIDADE DE PRONTO ATENDIMENTO UPA ZONA SUL,MARINGA,22,8,0,0,5
UNIDADE DE PRONTO ATENDIMENTO UPA ZONA SUL,MARINGA,23,8,1,0,8
UNIDADE DE PRONTO ATENDIMENTO UPA ZONA SUL,MARINGA,24,18,1,1,12
UNIDADE DE PRONTO ATENDIMENTO UPA ZONA SUL,MARINGA,25,8,1,0,4
UNIDADE DE PRONTO ATENDIMENTO UPA ZONA SUL,MARINGA,26,7,0,1,4
UNIDADE DE PRONTO ATENDIMENTO UPA ZONA SUL,MARINGA,27,8,3,1,7
UNIDADE DE PRONTO ATENDIMENTO UPA ZONA SUL,MARINGA,28,10,2,0,8
UNIDADE DE PRONTO ATENDIMENTO UPA ZONA SUL,MARINGA,29,7,1,1,5
UNIDADE DE PRONTO ATENDIMENTO UPA ZONA SUL,MARINGA,30,7,1,1,6
UNIDADE DE PRONTO ATENDIMENTO UPA ZONA SUL,MARINGA,31,3,0,0,2
UNIDADE DE PRONTO ATENDIMENTO UPA ZONA SUL,MARINGA,32,3,2,0,2
UNIDADE DE PRONTO ATENDIMENTO UPA ZONA SUL,MARINGA,33,4,2,0,2
UNIDADE DE PRONTO ATENDIMENTO UPA ZONA SUL,MARINGA,34,3,0,0,0
UPA 24 HS GUSTAVO FARIAS,SARANDI,4,1,0,0,1
UPA 24 HS GUSTAVO FARIAS,SARANDI,12,1,1,0,1
UPA 24 HS GUSTAVO FARIAS,SARANDI,28,1,0,0,0
UPA 24 HS GUSTAVO FARIAS,SARANDI,29,1,0,0,0
UPA 24 HS GUSTAVO FARIAS,SARANDI,30,2,0,0,0
UPA 24 HS GUSTAVO FARIAS,SARANDI,31,1,0,0,0
UPA UNIDADE DE PRONTO ATENDIMENTO,MARINGA,3,1,0,0,0
