codigo_ibge_6,municipio,codigo_regional,regional,codigo_macrorregiao,macrorregiao,populacao_ibge_2022
411370,LONDRINA,41017,17a RS LONDRINA,4105,MACRORREGIONAL NORTE,555965
410140,APUCARANA,41016,16a RS APUCARANA,4105,MACRORREGIONAL NORTE,130134
410150,ARAPONGAS,41016,16a RS APUCARANA,4105,MACRORREGIONAL NORTE,119138
410370,CAMBE,41017,17a RS LONDRINA,4105,MACRORREGIONAL NORTE,107208
412240,ROLANDIA,41017,17a RS LONDRINA,4105,MACRORREGIONAL NORTE,71670
410980,IBIPORA,41017,17a RS LONDRINA,4105,MACRORREGIONAL NORTE,51603
410640,CORNELIO PROCOPIO,41018,18a RS CORNELIO PROCOPIO,4105,MACRORREGIONAL NORTE,45206
412410,SANTO ANTONIO DA PLATINA,41019,19a RS JACAREZINHO,4105,MACRORREGIONAL NORTE,44369
411180,JACAREZINHO,41019,19a RS JACAREZINHO,4105,MACRORREGIONAL NORTE,40375
411150,IVAIPORA,41022,22a RS IVAIPORA,4105,MACRORREGIONAL NORTE,32720
410240,BANDEIRANTES,41018,18a RS CORNELIO PROCOPIO,4105,MACRORREGIONAL NORTE,31273
410970,IBAITI,41019,19a RS JACAREZINHO,4105,MACRORREGIONAL NORTE,28830
410360,CAMBARA,41019,19a RS JACAREZINHO,4105,MACRORREGIONAL NORTE,23212
412660,SIQUEIRA CAMPOS,41019,19a RS JACAREZINHO,4105,MACRORREGIONAL NORTE,22811
411210,JANDAIA DO SUL,41016,16a RS APUCARANA,4105,MACRORREGIONAL NORTE,21408
410110,ANDIRA,41018,18a RS CORNELIO PROCOPIO,4105,MACRORREGIONAL NORTE,19878
412850,WENCESLAU BRAZ,41019,19a RS JACAREZINHO,4105,MACRORREGIONAL NORTE,19188
410470,CARLOPOLIS,41019,19a RS JACAREZINHO,4105,MACRORREGIONAL NORTE,16905
410760,FAXINAL,41016,16a RS APUCARANA,4105,MACRORREGIONAL NORTE,16389
412650,SERTANOPOLIS,41017,17a RS LONDRINA,4105,MACRORREGIONAL NORTE,15930
410440,CANDIDO DE ABREU,41022,22a RS IVAIPORA,4105,MACRORREGIONAL NORTE,15244
411190,JAGUAPITA,41017,17a RS LONDRINA,4105,MACRORREGIONAL NORTE,15122
410280,BELA VISTA DO PARAISO,41017,17a RS LONDRINA,4105,MACRORREGIONAL NORTE,14833
411450,MANOEL RIBAS,41022,22a RS IVAIPORA,4105,MACRORREGIONAL NORTE,14240
410190,ASSAI,41017,17a RS LONDRINA,4105,MACRORREGIONAL NORTE,13797
412190,RIBEIRAO DO PINHAL,41018,18a RS CORNELIO PROCOPIO,4105,MACRORREGIONAL NORTE,13060
412180,RIBEIRAO CLARO,41019,19a RS JACAREZINHO,4105,MACRORREGIONAL NORTE,12364
411250,JARDIM ALEGRE,41022,22a RS IVAIPORA,4105,MACRORREGIONAL NORTE,12004
411280,JOAQUIM TAVORA,41019,19a RS JACAREZINHO,4105,MACRORREGIONAL NORTE,11945
411270,JATAIZINHO,41017,17a RS LONDRINA,4105,MACRORREGIONAL NORTE,11813
412000,PORECATU,41017,17a RS LONDRINA,4105,MACRORREGIONAL NORTE,11624
410800,FLORESTOPOLIS,41017,17a RS LONDRINA,4105,MACRORREGIONAL NORTE,11446
412390,SANTA MARIANA,41018,18a RS CORNELIO PROCOPIO,4105,MACRORREGIONAL NORTE,11066
410510,CENTENARIO DO SUL,41017,17a RS LONDRINA,4105,MACRORREGIONAL NORTE,10832
412470,SAO JERONIMO DA SERRA,41018,18a RS CORNELIO PROCOPIO,4105,MACRORREGIONAL NORTE,10830
412667,TAMARANA,41017,17a RS LONDRINA,4105,MACRORREGIONAL NORTE,10707
412500,SAO JOAO DO IVAI,41022,22a RS IVAIPORA,4105,MACRORREGIONAL NORTE,10667
412840,URAI,41018,18a RS CORNELIO PROCOPIO,4105,MACRORREGIONAL NORTE,10406
410080,ALVORADA DO SUL,41017,17a RS LONDRINA,4105,MACRORREGIONAL NORTE,10326
412050,PRIMEIRO DE MAIO,41017,17a RS LONDRINA,4105,MACRORREGIONAL NORTE,10082
412385,SANTA MARIA DO OESTE,41022,22a RS IVAIPORA,4105,MACRORREGIONAL NORTE,10031
410380,CAMBIRA,41016,16a RS APUCARANA,4105,MACRORREGIONAL NORTE,9460
411575,MAUA DA SERRA,41016,16a RS APUCARANA,4105,MACRORREGIONAL NORTE,9383
412270,SABAUDIA,41016,16a RS APUCARANA,4105,MACRORREGIONAL NORTE,8822
410350,CALIFORNIA,41016,16a RS APUCARANA,4105,MACRORREGIONAL NORTE,8710
412580,SAO PEDRO DO IVAI,41016,16a RS APUCARANA,4105,MACRORREGIONAL NORTE,8690
411490,MARILANDIA DO SUL,41016,16a RS APUCARANA,4105,MACRORREGIONAL NORTE,8677
412780,TOMAZINA,41019,19a RS JACAREZINHO,4105,MACRORREGIONAL NORTE,8426
410600,CONGONHINHAS,41018,18a RS CORNELIO PROCOPIO,4105,MACRORREGIONAL NORTE,8320
412070,QUATIGUA,41019,19a RS JACAREZINHO,4105,MACRORREGIONAL NORTE,8099
412600,SAO SEBASTIAO DA AMOREIRA,41018,18a RS CORNELIO PROCOPIO,4105,MACRORREGIONAL NORTE,8063
410775,FIGUEIRA,41019,19a RS JACAREZINHO,4105,MACRORREGIONAL NORTE,8062
410330,BORRAZOPOLIS,41016,16a RS APUCARANA,4105,MACRORREGIONAL NORTE,7735
410010,ABATIA,41018,18a RS CORNELIO PROCOPIO,4105,MACRORREGIONAL NORTE,7241
411700,NOVA FATIMA,41018,18a RS CORNELIO PROCOPIO,4105,MACRORREGIONAL NORTE,7225
411727,NOVA TEBAS,41022,22a RS IVAIPORA,4105,MACRORREGIONAL NORTE,6848
412620,SAPOPEMA,41018,18a RS CORNELIO PROCOPIO,4105,MACRORREGIONAL NORTE,6695
410320,BOM SUCESSO,41016,16a RS APUCARANA,4105,MACRORREGIONAL NORTE,6581
411920,PINHALAO,41019,19a RS JACAREZINHO,4105,MACRORREGIONAL NORTE,6566
412540,SAO JOSE DA BOA VISTA,41019,19a RS JACAREZINHO,4105,MACRORREGIONAL NORTE,6040
411100,ITAMBARACA,41018,18a RS CORNELIO PROCOPIO,4105,MACRORREGIONAL NORTE,5908
410870,GRANDES RIOS,41016,16a RS APUCARANA,4105,MACRORREGIONAL NORTE,5641
412640,SERTANEJA,41018,18a RS CORNELIO PROCOPIO,4105,MACRORREGIONAL NORTE,5616
412400,SANTANA DO ITARARE,41019,19a RS JACAREZINHO,4105,MACRORREGIONAL NORTE,5514
412265,ROSARIO DO IVAI,41022,22a RS IVAIPORA,4105,MACRORREGIONAL NORTE,5435
411170,JABOTI,41019,19a RS JACAREZINHO,4105,MACRORREGIONAL NORTE,5427
412290,SALTO DO ITARARE,41019,19a RS JACAREZINHO,4105,MACRORREGIONAL NORTE,5192
411230,JAPIRA,41019,19a RS JACAREZINHO,4105,MACRORREGIONAL NORTE,4972
411375,LUNARDELLI,41022,22a RS IVAIPORA,4105,MACRORREGIONAL NORTE,4872
411380,LUPIONOPOLIS,41017,17a RS LONDRINA,4105,MACRORREGIONAL NORTE,4813
410920,GUARACI,41017,17a RS LONDRINA,4105,MACRORREGIONAL NORTE,4748
411550,MARUMBI,41016,16a RS APUCARANA,4105,MACRORREGIONAL NORTE,4699
410900,GUAPIRAMA,41019,19a RS JACAREZINHO,4105,MACRORREGIONAL NORTE,4626
411310,KALORE,41016,16a RS APUCARANA,4105,MACRORREGIONAL NORTE,4582
411721,NOVA SANTA BARBARA,41018,18a RS CORNELIO PROCOPIO,4105,MACRORREGIONAL NORTE,4184
411342,LIDIANOPOLIS,41022,22a RS IVAIPORA,4105,MACRORREGIONAL NORTE,3938
412217,RIO BRANCO DO IVAI,41022,22a RS IVAIPORA,4105,MACRORREGIONAL NORTE,3808
411340,LEOPOLIS,41018,18a RS CORNELIO PROCOPIO,4105,MACRORREGIONAL NORTE,3752
412033,PRADO FERREIRA,41017,17a RS LONDRINA,4105,MACRORREGIONAL NORTE,3709
410165,ARAPUA,41022,22a RS IVAIPORA,4105,MACRORREGIONAL NORTE,3527
412130,RANCHO ALEGRE,41018,18a RS CORNELIO PROCOPIO,4105,MACRORREGIONAL NORTE,3512
410610,CONSELHEIRO MAIRINCK,41019,19a RS JACAREZINHO,4105,MACRORREGIONAL NORTE,3461
412310,SANTA AMELIA,41018,18a RS CORNELIO PROCOPIO,4105,MACRORREGIONAL NORTE,3394
412320,SANTA CECILIA DO PAVAO,41018,18a RS CORNELIO PROCOPIO,4105,MACRORREGIONAL NORTE,3365
411290,JUNDIAI DO SUL,41019,19a RS JACAREZINHO,4105,MACRORREGIONAL NORTE,3333
411660,NOVA AMERICA DA COLINA,41018,18a RS CORNELIO PROCOPIO,4105,MACRORREGIONAL NORTE,3280
411573,MATO RICO,41022,22a RS IVAIPORA,4105,MACRORREGIONAL NORTE,3267
412210,RIO BOM,41016,16a RS APUCARANA,4105,MACRORREGIONAL NORTE,3197
411729,NOVO ITACOLOMI,41016,16a RS APUCARANA,4105,MACRORREGIONAL NORTE,3125
411965,PITANGUEIRAS,41017,17a RS LONDRINA,4105,MACRORREGIONAL NORTE,3046
410855,GODOY MOREIRA,41022,22a RS IVAIPORA,4105,MACRORREGIONAL NORTE,2977
410685,CRUZMALTINA,41022,22a RS IVAIPORA,4105,MACRORREGIONAL NORTE,2892
410270,BARRA DO JACARE,41019,19a RS JACAREZINHO,4105,MACRORREGIONAL NORTE,2814
410340,CAFEARA,41017,17a RS LONDRINA,4105,MACRORREGIONAL NORTE,2627
410185,ARIRANHA DO IVAI,41022,22a RS IVAIPORA,4105,MACRORREGIONAL NORTE,2329
412430,SANTO ANTONIO DO PARAISO,41018,18a RS CORNELIO PROCOPIO,4105,MACRORREGIONAL NORTE,2125
411600,MIRASELVA,41017,17a RS LONDRINA,4105,MACRORREGIONAL NORTE,1966
411520,MARINGA,41015,15a RS MARINGA,4106,MACRORREGIONAL NOROESTE,409657
412625,SARANDI,41015,15a RS MARINGA,4106,MACRORREGIONAL NOROESTE,118455
412810,UMUARAMA,41012,12a RS UMUARAMA,4106,MACRORREGIONAL NOROESTE,117095
410430,CAMPO MOURAO,41011,11a RS CAMPO MOURAO,4106,MACRORREGIONAL NOROESTE,99432
411840,PARANAVAI,41014,14a RS PARANAVAI,4106,MACRORREGIONAL NOROESTE,92001
410550,CIANORTE,41013,13a RS CIANORTE,4106,MACRORREGIONAL NOROESTE,79527
411750,PAICANDU,41015,15a RS MARINGA,4106,MACRORREGIONAL NOROESTE,45962
411480,MARIALVA,41015,15a RS MARINGA,4106,MACRORREGIONAL NOROESTE,41851
411420,MANDAGUARI,41015,15a RS MARINGA,4106,MACRORREGIONAL NOROESTE,36716
411410,MANDAGUACU,41015,15a RS MARINGA,4106,MACRORREGIONAL NOROESTE,31457
410860,GOIOERE,41011,11a RS CAMPO MOURAO,4106,MACRORREGIONAL NOROESTE,28437
411690,NOVA ESPERANCA,41015,15a RS MARINGA,4106,MACRORREGIONAL NOROESTE,26585
410210,ASTORGA,41015,15a RS MARINGA,4106,MACRORREGIONAL NOROESTE,25475
412800,UBIRATA,41011,11a RS CAMPO MOURAO,4106,MACRORREGIONAL NOROESTE,24749
410660,CRUZEIRO DO OESTE,41012,12a RS UMUARAMA,4106,MACRORREGIONAL NOROESTE,23831
411350,LOANDA,41014,14a RS PARANAVAI,4106,MACRORREGIONAL NOROESTE,23225
410590,COLORADO,41015,15a RS MARINGA,4106,MACRORREGIONAL NOROESTE,22896
410050,ALTONIA,41012,12a RS UMUARAMA,4106,MACRORREGIONAL NOROESTE,18742
412720,TERRA BOA,41011,11a RS CAMPO MOURAO,4106,MACRORREGIONAL NOROESTE,17568
412680,TAPEJARA,41013,13a RS CIANORTE,4106,MACRORREGIONAL NOROESTE,15869
411060,IPORA,41012,12a RS UMUARAMA,4106,MACRORREGIONAL NOROESTE,15746
410390,CAMPINA DA LAGOA,41011,11a RS CAMPO MOURAO,4106,MACRORREGIONAL NOROESTE,15723
412730,TERRA RICA,41014,14a RS PARANAVAI,4106,MACRORREGIONAL NOROESTE,14842
410170,ARARUNA,41011,11a RS CAMPO MOURAO,4106,MACRORREGIONAL NOROESTE,14485
410060,ALTO PARANA,41014,14a RS PARANAVAI,4106,MACRORREGIONAL NOROESTE,13909
411400,MAMBORE,41011,11a RS CAMPO MOURAO,4106,MACRORREGIONAL NOROESTE,13452
411880,PEABIRU,41011,11a RS CAMPO MOURAO,4106,MACRORREGIONAL NOROESTE,13346
411800,PARAISO DO NORTE,41014,14a RS PARANAVAI,4106,MACRORREGIONAL NOROESTE,13245
411710,NOVA LONDRINA,41014,14a RS PARANAVAI,4106,MACRORREGIONAL NOROESTE,12923
410750,ENGENHEIRO BELTRAO,41011,11a RS CAMPO MOURAO,4106,MACRORREGIONAL NOROESTE,12454
411890,PEROLA,41012,12a RS UMUARAMA,4106,MACRORREGIONAL NOROESTE,11878
410560,CIDADE GAUCHA,41013,13a RS CIANORTE,4106,MACRORREGIONAL NOROESTE,11467
412340,SANTA FE,41015,15a RS MARINGA,4106,MACRORREGIONAL NOROESTE,11378
412250,RONCADOR,41011,11a RS CAMPO MOURAO,4106,MACRORREGIONAL NOROESTE,11251
411610,MOREIRA SALES,41011,11a RS CAMPO MOURAO,4106,MACRORREGIONAL NOROESTE,11175
410250,BARBOSA FERRAZ,41011,11a RS CAMPO MOURAO,4106,MACRORREGIONAL NOROESTE,10795
412100,QUERENCIA DO NORTE,41014,14a RS PARANAVAI,4106,MACRORREGIONAL NOROESTE,10685
411080,IRETAMA,41011,11a RS CAMPO MOURAO,4106,MACRORREGIONAL NOROESTE,10684
410790,FLORESTA,41015,15a RS MARINGA,4106,MACRORREGIONAL NOROESTE,10458
411510,MARILUZ,41012,12a RS UMUARAMA,4106,MACRORREGIONAL NOROESTE,9847
410070,ALTO PIQUIRI,41012,12a RS UMUARAMA,4106,MACRORREGIONAL NOROESTE,9727
411810,PARANACITY,41015,15a RS MARINGA,4106,MACRORREGIONAL NOROESTE,9557
410725,DOURADINA,41012,12a RS UMUARAMA,4106,MACRORREGIONAL NOROESTE,9161
411240,JAPURA,41013,13a RS CIANORTE,4106,MACRORREGIONAL NOROESTE,9144
412260,RONDON,41013,13a RS CIANORTE,4106,MACRORREGIONAL NOROESTE,9097
410990,ICARAIMA,41012,12a RS UMUARAMA,4106,MACRORREGIONAL NOROESTE,8991
412370,SANTA ISABEL DO IVAI,41014,14a RS PARANAVAI,4106,MACRORREGIONAL NOROESTE,8912
412330,SANTA CRUZ DE MONTE CASTELO,41014,14a RS PARANAVAI,4106,MACRORREGIONAL NOROESTE,8613
410832,FRANCISCO ALVES,41012,12a RS UMUARAMA,4106,MACRORREGIONAL NOROESTE,8116
412790,TUNEIRAS DO OESTE,41013,13a RS CIANORTE,4106,MACRORREGIONAL NOROESTE,8067
411295,JURANDA,41011,11a RS CAMPO MOURAO,4106,MACRORREGIONAL NOROESTE,7771
411500,MARILENA,41014,14a RS PARANAVAI,4106,MACRORREGIONAL NOROESTE,7253
411885,PEROBAL,41012,12a RS UMUARAMA,4106,MACRORREGIONAL NOROESTE,7189
411155,IVATE,41012,12a RS UMUARAMA,4106,MACRORREGIONAL NOROESTE,6831
411680,NOVA CANTU,41011,11a RS CAMPO MOURAO,4106,MACRORREGIONAL NOROESTE,6790
411373,LUIZIANA,41011,11a RS CAMPO MOURAO,4106,MACRORREGIONAL NOROESTE,6690
411300,JUSSARA,41013,13a RS CIANORTE,4106,MACRORREGIONAL NOROESTE,6690
410890,GUAIRACA,41014,14a RS PARANAVAI,4106,MACRORREGIONAL NOROESTE,6587
412460,SAO CARLOS DO IVAI,41014,14a RS PARANAVAI,4106,MACRORREGIONAL NOROESTE,6587
412535,SAO JORGE DO PATROCINIO,41012,12a RS UMUARAMA,4106,MACRORREGIONAL NOROESTE,6504
410730,DOUTOR CAMARGO,41015,15a RS MARINGA,4106,MACRORREGIONAL NOROESTE,6327
412450,SANTO INACIO,41015,15a RS MARINGA,4106,MACRORREGIONAL NOROESTE,6181
411110,ITAMBE,41015,15a RS MARINGA,4106,MACRORREGIONAL NOROESTE,6111
411220,JANIOPOLIS,41011,11a RS CAMPO MOURAO,4106,MACRORREGIONAL NOROESTE,5870
411470,MARIA HELENA,41012,12a RS UMUARAMA,4106,MACRORREGIONAL NOROESTE,5865
411720,NOVA OLIMPIA,41012,12a RS UMUARAMA,4106,MACRORREGIONAL NOROESTE,5833
412880,XAMBRE,41012,12a RS UMUARAMA,4106,MACRORREGIONAL NOROESTE,5798
412690,TAPIRA,41012,12a RS UMUARAMA,4106,MACRORREGIONAL NOROESTE,5745
412490,SAO JOAO DO CAIUA,41014,14a RS PARANAVAI,4106,MACRORREGIONAL NOROESTE,5586
411000,IGUARACU,41015,15a RS MARINGA,4106,MACRORREGIONAL NOROESTE,5338
412610,SAO TOME,41013,13a RS CIANORTE,4106,MACRORREGIONAL NOROESTE,5232
412530,SAO JORGE DO IVAI,41015,15a RS MARINGA,4106,MACRORREGIONAL NOROESTE,5168
410710,DIAMANTE DO NORTE,41014,14a RS PARANAVAI,4106,MACRORREGIONAL NOROESTE,5142
412110,QUINTA DO SOL,41011,11a RS CAMPO MOURAO,4106,MACRORREGIONAL NOROESTE,5001
412670,TAMBOARA,41014,14a RS PARANAVAI,4106,MACRORREGIONAL NOROESTE,4880
410780,FLORAI,41015,15a RS MARINGA,4106,MACRORREGIONAL NOROESTE,4792
410090,AMAPORA,41014,14a RS PARANAVAI,4106,MACRORREGIONAL NOROESTE,4762
411360,LOBATO,41015,15a RS MARINGA,4106,MACRORREGIONAL NOROESTE,4601
410300,BOA ESPERANCA,41011,11a RS CAMPO MOURAO,4106,MACRORREGIONAL NOROESTE,4558
410670,CRUZEIRO DO SUL,41014,14a RS PARANAVAI,4106,MACRORREGIONAL NOROESTE,4494
410770,FENIX,41011,11a RS CAMPO MOURAO,4106,MACRORREGIONAL NOROESTE,4492
411090,ITAGUAJE,41015,15a RS MARINGA,4106,MACRORREGIONAL NOROESTE,4481
410347,CAFEZAL DO SUL,41012,12a RS UMUARAMA,4106,MACRORREGIONAL NOROESTE,4473
411040,INDIANOPOLIS,41013,13a RS CIANORTE,4106,MACRORREGIONAL NOROESTE,4448
412040,PRESIDENTE CASTELO BRANCO,41015,15a RS MARINGA,4106,MACRORREGIONAL NOROESTE,4336
412065,QUARTO CENTENARIO,41011,11a RS CAMPO MOURAO,4106,MACRORREGIONAL NOROESTE,4201
411970,PLANALTINA DO PARANA,41014,14a RS PARANAVAI,4106,MACRORREGIONAL NOROESTE,4070
410220,ATALAIA,41015,15a RS MARINGA,4106,MACRORREGIONAL NOROESTE,3980
411630,MUNHOZ DE MELO,41015,15a RS MARINGA,4106,MACRORREGIONAL NOROESTE,3951
410655,CORUMBATAI DO SUL,41011,11a RS CAMPO MOURAO,4106,MACRORREGIONAL NOROESTE,3760
410337,BRASILANDIA DO SUL,41012,12a RS UMUARAMA,4106,MACRORREGIONAL NOROESTE,3708
411640,NOSSA SENHORA DAS GRACAS,41015,15a RS MARINGA,4106,MACRORREGIONAL NOROESTE,3669
410045,ALTAMIRA DO PARANA,41011,11a RS CAMPO MOURAO,4106,MACRORREGIONAL NOROESTE,3590
411130,ITAUNA DO SUL,41014,14a RS PARANAVAI,4106,MACRORREGIONAL NOROESTE,3572
412395,SANTA MONICA,41014,14a RS PARANAVAI,4106,MACRORREGIONAL NOROESTE,3356
410115,ANGULO,41015,15a RS MARINGA,4106,MACRORREGIONAL NOROESTE,3235
411740,OURIZONA,41015,15a RS MARINGA,4106,MACRORREGIONAL NOROESTE,3187
412020,PORTO RICO,41014,14a RS PARANAVAI,4106,MACRORREGIONAL NOROESTE,3182
412862,ALTO PARAISO,41012,12a RS UMUARAMA,4106,MACRORREGIONAL NOROESTE,3055
410755,FAROL,41011,11a RS CAMPO MOURAO,4106,MACRORREGIONAL NOROESTE,3039
411160,IVATUBA,41015,15a RS MARINGA,4106,MACRORREGIONAL NOROESTE,2708
412590,SAO PEDRO DO PARANA,41014,14a RS PARANAVAI,4106,MACRORREGIONAL NOROESTE,2661
410810,FLORIDA,41015,15a RS MARINGA,4106,MACRORREGIONAL NOROESTE,2652
412135,RANCHO ALEGRE D'OESTE,41011,11a RS CAMPO MOURAO,4106,MACRORREGIONAL NOROESTE,2618
411030,INAJA,41014,14a RS PARANAVAI,4106,MACRORREGIONAL NOROESTE,2536
412420,SANTO ANTONIO DO CAIUA,41014,14a RS PARANAVAI,4106,MACRORREGIONAL NOROESTE,2493
411830,PARANAPOEMA,41014,14a RS PARANAVAI,4106,MACRORREGIONAL NOROESTE,2398
411590,MIRADOR,41014,14a RS PARANAVAI,4106,MACRORREGIONAL NOROESTE,2238
410910,GUAPOREMA,41013,13a RS CIANORTE,4106,MACRORREGIONAL NOROESTE,2191
412555,SAO MANOEL DO PARANA,41013,13a RS CIANORTE,4106,MACRORREGIONAL NOROESTE,2138
412830,UNIFLOR,41015,15a RS MARINGA,4106,MACRORREGIONAL NOROESTE,2136
410752,ESPERANCA NOVA,41012,12a RS UMUARAMA,4106,MACRORREGIONAL NOROESTE,1849
412360,SANTA INES,41015,15a RS MARINGA,4106,MACRORREGIONAL NOROESTE,1748
411260,JARDIM OLINDA,41014,14a RS PARANAVAI,4106,MACRORREGIONAL NOROESTE,1343
411650,NOVA ALIANCA DO IVAI,41014,14a RS PARANAVAI,4106,MACRORREGIONAL NOROESTE,1323
410690,CURITIBA,41002,2a RS METROPOLITANA,4107,MACRORREGIONAL LESTE,1773718
411990,PONTA GROSSA,41003,3a RS PONTA GROSSA,4107,MACRORREGIONAL LESTE,358371
412550,SAO JOSE DOS PINHAIS,41002,2a RS METROPOLITANA,4107,MACRORREGIONAL LESTE,329628
410580,COLOMBO,41002,2a RS METROPOLITANA,4107,MACRORREGIONAL LESTE,232212
410940,GUARAPUAVA,41005,5a RS GUARAPUAVA,4107,MACRORREGIONAL LESTE,182093
410180,ARAUCARIA,41002,2a RS METROPOLITANA,4107,MACRORREGIONAL LESTE,151666
410765,FAZENDA RIO GRANDE,41002,2a RS METROPOLITANA,4107,MACRORREGIONAL LESTE,148873
411820,PARANAGUA,41001,1a RS PARANAGUA,4107,MACRORREGIONAL LESTE,145829
410420,CAMPO LARGO,41002,2a RS METROPOLITANA,4107,MACRORREGIONAL LESTE,136327
411915,PINHAIS,41002,2a RS METROPOLITANA,4107,MACRORREGIONAL LESTE,127019
410040,ALMIRANTE TAMANDARE,41002,2a RS METROPOLITANA,4107,MACRORREGIONAL LESTE,119825
411950,PIRAQUARA,41002,2a RS METROPOLITANA,4107,MACRORREGIONAL LESTE,118730
412710,TELEMACO BORBA,41021,21a RS TELEMACO BORBA,4107,MACRORREGIONAL LESTE,75042
410490,CASTRO,41003,3a RS PONTA GROSSA,4107,MACRORREGIONAL LESTE,73075
411070,IRATI,41004,4a RS IRATI,4107,MACRORREGIONAL LESTE,59250
412820,UNIAO DA VITORIA,41006,6a RS UNIAO DA VITORIA,4107,MACRORREGIONAL LESTE,55033
412060,PRUDENTOPOLIS,41005,5a RS GUARAPUAVA,4107,MACRORREGIONAL LESTE,49393
410400,CAMPINA GRANDE DO SUL,41002,2a RS METROPOLITANA,4107,MACRORREGIONAL LESTE,47825
411320,LAPA,41002,2a RS METROPOLITANA,4107,MACRORREGIONAL LESTE,45003
412560,SAO MATEUS DO SUL,41006,6a RS UNIAO DA VITORIA,4107,MACRORREGIONAL LESTE,42366
410960,GUARATUBA,41001,1a RS PARANAGUA,4107,MACRORREGIONAL LESTE,42062
411570,MATINHOS,41001,1a RS PARANAGUA,4107,MACRORREGIONAL LESTE,39259
412220,RIO BRANCO DO SUL,41002,2a RS METROPOLITANA,4107,MACRORREGIONAL LESTE,37558
411200,JAGUARIAIVA,41003,3a RS PONTA GROSSA,4107,MACRORREGIONAL LESTE,35141
411770,PALMEIRA,41003,3a RS PONTA GROSSA,4107,MACRORREGIONAL LESTE,33855
411960,PITANGA,41005,5a RS GUARAPUAVA,4107,MACRORREGIONAL LESTE,33678
411330,LARANJEIRAS DO SUL,41005,5a RS GUARAPUAVA,4107,MACRORREGIONAL LESTE,32227
412230,RIO NEGRO,41002,2a RS METROPOLITANA,4107,MACRORREGIONAL LESTE,31324
411125,ITAPERUCU,41002,2a RS METROPOLITANA,4107,MACRORREGIONAL LESTE,31217
411995,PONTAL DO PARANA,41001,1a RS PARANAGUA,4107,MACRORREGIONAL LESTE,30425
410425,CAMPO MAGRO,41002,2a RS METROPOLITANA,4107,MACRORREGIONAL LESTE,30160
411010,IMBITUVA,41004,4a RS IRATI,4107,MACRORREGIONAL LESTE,29924
411930,PINHAO,41005,5a RS GUARAPUAVA,4107,MACRORREGIONAL LESTE,29886
411430,MANDIRITUBA,41002,2a RS METROPOLITANA,4107,MACRORREGIONAL LESTE,27439
410160,ARAPOTI,41003,3a RS PONTA GROSSA,4107,MACRORREGIONAL LESTE,25777
412170,RESERVA,41021,21a RS TELEMACO BORBA,4107,MACRORREGIONAL LESTE,24573
411730,ORTIGUEIRA,41021,21a RS TELEMACO BORBA,4107,MACRORREGIONAL LESTE,24192
412080,QUATRO BARRAS,41002,2a RS METROPOLITANA,4107,MACRORREGIONAL LESTE,24191
411940,PIRAI DO SUL,41003,3a RS PONTA GROSSA,4107,MACRORREGIONAL LESTE,23651
410465,CARAMBEI,41003,3a RS PONTA GROSSA,4107,MACRORREGIONAL LESTE,23283
412750,TIBAGI,41021,21a RS TELEMACO BORBA,4107,MACRORREGIONAL LESTE,19961
410620,CONTENDA,41002,2a RS METROPOLITANA,4107,MACRORREGIONAL LESTE,19128
412120,QUITANDINHA,41002,2a RS METROPOLITANA,4107,MACRORREGIONAL LESTE,18398
411620,MORRETES,41001,1a RS PARANAGUA,4107,MACRORREGIONAL LESTE,18309
410120,ANTONINA,41001,1a RS PARANAGUA,4107,MACRORREGIONAL LESTE,18091
412760,TIJUCAS DO SUL,41002,2a RS METROPOLITANA,4107,MACRORREGIONAL LESTE,17621
412630,SENGES,41003,3a RS PONTA GROSSA,4107,MACRORREGIONAL LESTE,17270
410520,CERRO AZUL,41002,2a RS METROPOLITANA,4107,MACRORREGIONAL LESTE,16134
410680,CRUZ MACHADO,41006,6a RS UNIAO DA VITORIA,4107,MACRORREGIONAL LESTE,15978
410290,BITURUNA,41006,6a RS UNIAO DA VITORIA,4107,MACRORREGIONAL LESTE,15533
410442,CANDOI,41005,5a RS GUARAPUAVA,4107,MACRORREGIONAL LESTE,14973
412150,REBOUCAS,41004,4a RS IRATI,4107,MACRORREGIONAL LESTE,14514
411007,IMBAU,41021,21a RS TELEMACO BORBA,4107,MACRORREGIONAL LESTE,14249
412796,TURVO,41005,5a RS GUARAPUAVA,4107,MACRORREGIONAL LESTE,14231
411050,IPIRANGA,41003,3a RS PONTA GROSSA,4107,MACRORREGIONAL LESTE,14142
412200,RIO AZUL,41004,4a RS IRATI,4107,MACRORREGIONAL LESTE,14025
412215,RIO BONITO DO IGUACU,41005,5a RS GUARAPUAVA,4107,MACRORREGIONAL LESTE,13929
412510,SAO JOAO DO TRIUNFO,41003,3a RS PONTA GROSSA,4107,MACRORREGIONAL LESTE,13726
411910,PIEN,41002,2a RS METROPOLITANA,4107,MACRORREGIONAL LESTE,13655
410700,CURIUVA,41021,21a RS TELEMACO BORBA,4107,MACRORREGIONAL LESTE,13647
411390,MALLET,41004,4a RS IRATI,4107,MACRORREGIONAL LESTE,13428
410230,BALSA NOVA,41002,2a RS METROPOLITANA,4107,MACRORREGIONAL LESTE,13395
410310,BOCAIUVA DO SUL,41002,2a RS METROPOLITANA,4107,MACRORREGIONAL LESTE,13299
411140,IVAI,41003,3a RS PONTA GROSSA,4107,MACRORREGIONAL LESTE,13229
411780,PALMITAL,41005,5a RS GUARAPUAVA,4107,MACRORREGIONAL LESTE,13033
411705,NOVA LARANJEIRAS,41005,5a RS GUARAPUAVA,4107,MACRORREGIONAL LESTE,12074
410850,GENERAL CARNEIRO,41006,6a RS UNIAO DA VITORIA,4107,MACRORREGIONAL LESTE,11062
410445,CANTAGALO,41005,5a RS GUARAPUAVA,4107,MACRORREGIONAL LESTE,10922
410030,AGUDOS DO SUL,41002,2a RS METROPOLITANA,4107,MACRORREGIONAL LESTE,10233
412853,VENTANIA,41021,21a RS TELEMACO BORBA,4107,MACRORREGIONAL LESTE,9681
411020,INACIO MARTINS,41004,4a RS IRATI,4107,MACRORREGIONAL LESTE,9670
412700,TEIXEIRA SOARES,41004,4a RS IRATI,4107,MACRORREGIONAL LESTE,9547
410895,GUAMIRANGA,41004,4a RS IRATI,4107,MACRORREGIONAL LESTE,7856
410410,CAMPO DO TENENTE,41002,2a RS METROPOLITANA,4107,MACRORREGIONAL LESTE,7508
410950,GUARAQUECABA,41001,1a RS PARANAGUA,4107,MACRORREGIONAL LESTE,7430
410130,ANTONIO OLINTO,41006,6a RS UNIAO DA VITORIA,4107,MACRORREGIONAL LESTE,7018
410865,GOIOXIM,41005,5a RS GUARAPUAVA,4107,MACRORREGIONAL LESTE,6566
412175,RESERVA DO IGUACU,41005,5a RS GUARAPUAVA,4107,MACRORREGIONAL LESTE,6553
411870,PAULO FRONTIN,41006,6a RS UNIAO DA VITORIA,4107,MACRORREGIONAL LESTE,6343
410020,ADRIANOPOLIS,41002,2a RS METROPOLITANA,4107,MACRORREGIONAL LESTE,6256
410773,FERNANDES PINHEIRO,41004,4a RS IRATI,4107,MACRORREGIONAL LESTE,6255
412788,TUNAS DO PARANA,41002,2a RS METROPOLITANA,4107,MACRORREGIONAL LESTE,6219
410304,BOA VENTURA DE SAO ROQUE,41005,5a RS GUARAPUAVA,4107,MACRORREGIONAL LESTE,6170
412863,DOUTOR ULYSSES,41002,2a RS METROPOLITANA,4107,MACRORREGIONAL LESTE,5697
411860,PAULA FREITAS,41006,6a RS UNIAO DA VITORIA,4107,MACRORREGIONAL LESTE,5666
411325,LARANJAL,41005,5a RS GUARAPUAVA,4107,MACRORREGIONAL LESTE,5600
410845,FOZ DO JORDAO,41005,5a RS GUARAPUAVA,4107,MACRORREGIONAL LESTE,4926
411545,MARQUINHO,41005,5a RS GUARAPUAVA,4107,MACRORREGIONAL LESTE,4515
412010,PORTO AMAZONAS,41003,3a RS PONTA GROSSA,4107,MACRORREGIONAL LESTE,4098
410395,CAMPINA DO SIMAO,41005,5a RS GUARAPUAVA,4107,MACRORREGIONAL LESTE,3936
412865,VIRMOND,41005,5a RS GUARAPUAVA,4107,MACRORREGIONAL LESTE,3811
412030,PORTO VITORIA,41006,6a RS UNIAO DA VITORIA,4107,MACRORREGIONAL LESTE,3562
412015,PORTO BARREIRO,41005,5a RS GUARAPUAVA,4107,MACRORREGIONAL LESTE,3110
410480,CASCAVEL,41010,10a RS CASCAVEL,4108,MACRORREGIAO OESTE,348051
410830,FOZ DO IGUACU,41009,9a RS FOZ DO IGUACU,4108,MACRORREGIAO OESTE,285415
412770,TOLEDO,41020,20a RS TOLEDO,4108,MACRORREGIAO OESTE,150470
410840,FRANCISCO BELTRAO,41008,8a RS FRANCISCO BELTRAO,4108,MACRORREGIAO OESTE,96666
411850,PATO BRANCO,41007,7a RS PATO BRANCO,4108,MACRORREGIAO OESTE,91836
411460,MARECHAL CANDIDO RONDON,41020,20a RS TOLEDO,4108,MACRORREGIAO OESTE,55836
411580,MEDIANEIRA,41009,9a RS FOZ DO IGUACU,4108,MACRORREGIAO OESTE,54369
411760,PALMAS,41007,7a RS PATO BRANCO,4108,MACRORREGIAO OESTE,48247
410720,DOIS VIZINHOS,41008,8a RS FRANCISCO BELTRAO,4108,MACRORREGIAO OESTE,44869
410200,ASSIS CHATEAUBRIAND,41020,20a RS TOLEDO,4108,MACRORREGIAO OESTE,36808
411790,PALOTINA,41020,20a RS TOLEDO,4108,MACRORREGIAO OESTE,35011
410880,GUAIRA,41020,20a RS TOLEDO,4108,MACRORREGIAO OESTE,32097
412090,QUEDAS DO IGUACU,41010,10a RS CASCAVEL,4108,MACRORREGIAO OESTE,30738
412570,SAO MIGUEL DO IGUACU,41009,9a RS FOZ DO IGUACU,4108,MACRORREGIAO OESTE,29122
412350,SANTA HELENA,41020,20a RS TOLEDO,4108,MACRORREGIAO OESTE,25492
412405,SANTA TEREZINHA DE ITAIPU,41009,9a RS FOZ DO IGUACU,4108,MACRORREGIAO OESTE,24262
412440,SANTO ANTONIO DO SUDOESTE,41008,8a RS FRANCISCO BELTRAO,4108,MACRORREGIAO OESTE,23673
410650,CORONEL VIVIDA,41007,7a RS PATO BRANCO,4108,MACRORREGIAO OESTE,23331
410540,CHOPINZINHO,41007,7a RS PATO BRANCO,4108,MACRORREGIAO OESTE,21085
410450,CAPANEMA,41008,8a RS FRANCISCO BELTRAO,4108,MACRORREGIAO OESTE,20481
410100,AMPERE,41008,8a RS FRANCISCO BELTRAO,4108,MACRORREGIAO OESTE,19620
412140,REALEZA,41008,8a RS FRANCISCO BELTRAO,4108,MACRORREGIAO OESTE,19247
410345,CAFELANDIA,41010,10a RS CASCAVEL,4108,MACRORREGIAO OESTE,18997
411560,MATELANDIA,41009,9a RS FOZ DO IGUACU,4108,MACRORREGIAO OESTE,18450
412740,TERRA ROXA,41020,20a RS TOLEDO,4108,MACRORREGIAO OESTE,18119
410630,CORBELIA,41010,10a RS CASCAVEL,4108,MACRORREGIAO OESTE,17470
411440,MANGUEIRINHA,41007,7a RS PATO BRANCO,4108,MACRORREGIAO OESTE,16603
411540,MARMELEIRO,41008,8a RS FRANCISCO BELTRAO,4108,MACRORREGIAO OESTE,15901
412300,SALTO DO LONTRA,41008,8a RS FRANCISCO BELTRAO,4108,MACRORREGIAO OESTE,15223
410570,CLEVELANDIA,41007,7a RS PATO BRANCO,4108,MACRORREGIAO OESTE,15070
410460,CAPITAO LEONIDAS MARQUES,41010,10a RS CASCAVEL,4108,MACRORREGIAO OESTE,14648
411980,PLANALTO,41008,8a RS FRANCISCO BELTRAO,4108,MACRORREGIAO OESTE,14374
412380,SANTA IZABEL DO OESTE,41008,8a RS FRANCISCO BELTRAO,4108,MACRORREGIAO OESTE,14070
411670,NOVA AURORA,41010,10a RS CASCAVEL,4108,MACRORREGIAO OESTE,13765
410930,GUARANIACU,41010,10a RS CASCAVEL,4108,MACRORREGIAO OESTE,13735
412402,SANTA TEREZA DO OESTE,41010,10a RS CASCAVEL,4108,MACRORREGIAO OESTE,13174
411725,NOVA PRATA DO IGUACU,41008,8a RS FRANCISCO BELTRAO,4108,MACRORREGIAO OESTE,12699
411120,ITAPEJARA D'OESTE,41007,7a RS PATO BRANCO,4108,MACRORREGIAO OESTE,12344
412480,SAO JOAO,41007,7a RS PATO BRANCO,4108,MACRORREGIAO OESTE,11886
411095,ITAIPULANDIA,41009,9a RS FOZ DO IGUACU,4108,MACRORREGIAO OESTE,11485
412785,TRES BARRAS DO PARANA,41010,10a RS CASCAVEL,4108,MACRORREGIAO OESTE,11135
410530,CEU AZUL,41010,10a RS CASCAVEL,4108,MACRORREGIAO OESTE,11087
411605,MISSAL,41009,9a RS FOZ DO IGUACU,4108,MACRORREGIAO OESTE,11064
411275,JESUITAS,41010,10a RS CASCAVEL,4108,MACRORREGIAO OESTE,10506
410500,CATANDUVAS,41010,10a RS CASCAVEL,4108,MACRORREGIAO OESTE,10446
410260,BARRACAO,41008,8a RS FRANCISCO BELTRAO,4108,MACRORREGIAO OESTE,9759
412870,VITORINO,41007,7a RS PATO BRANCO,4108,MACRORREGIAO OESTE,9706
412520,SAO JORGE D'OESTE,41008,8a RS FRANCISCO BELTRAO,4108,MACRORREGIAO OESTE,9378
411722,NOVA SANTA ROSA,41020,20a RS TOLEDO,4108,MACRORREGIAO OESTE,8322
412855,VERA CRUZ DO OESTE,41010,10a RS CASCAVEL,4108,MACRORREGIAO OESTE,8215
412795,TUPASSI,41020,20a RS TOLEDO,4108,MACRORREGIAO OESTE,8077
412860,VERE,41008,8a RS FRANCISCO BELTRAO,4108,MACRORREGIAO OESTE,7932
410305,BOA VISTA DA APARECIDA,41010,10a RS CASCAVEL,4108,MACRORREGIAO OESTE,7924
410820,FORMOSA DO OESTE,41010,10a RS CASCAVEL,4108,MACRORREGIAO OESTE,7635
412160,RENASCENCA,41008,8a RS FRANCISCO BELTRAO,4108,MACRORREGIAO OESTE,6845
411745,OURO VERDE DO OESTE,41020,20a RS TOLEDO,4108,MACRORREGIAO OESTE,6785
411535,MARIPA,41020,20a RS TOLEDO,4108,MACRORREGIAO OESTE,6555
411530,MARIOPOLIS,41007,7a RS PATO BRANCO,4108,MACRORREGIAO OESTE,6371
411900,PEROLA D'OESTE,41008,8a RS FRANCISCO BELTRAO,4108,MACRORREGIAO OESTE,6221
410975,IBEMA,41010,10a RS CASCAVEL,4108,MACRORREGIAO OESTE,6218
412627,SAUDADE DO IGUACU,41007,7a RS PATO BRANCO,4108,MACRORREGIAO OESTE,6108
410740,ENEAS MARQUES,41008,8a RS FRANCISCO BELTRAO,4108,MACRORREGIAO OESTE,5999
411585,MERCEDES,41020,20a RS TOLEDO,4108,MACRORREGIAO OESTE,5931
412575,SAO PEDRO DO IGUACU,41020,20a RS TOLEDO,4108,MACRORREGIAO OESTE,5784
412035,PRANCHITA,41008,8a RS FRANCISCO BELTRAO,4108,MACRORREGIAO OESTE,5737
411845,PATO BRAGADO,41020,20a RS TOLEDO,4108,MACRORREGIAO OESTE,5733
410645,CORONEL DOMINGOS SOARES,41007,7a RS PATO BRANCO,4108,MACRORREGIAO OESTE,5649
411695,NOVA ESPERANCA DO SUDOESTE,41008,8a RS FRANCISCO BELTRAO,4108,MACRORREGIAO OESTE,5597
411345,LINDOESTE,41010,10a RS CASCAVEL,4108,MACRORREGIAO OESTE,5175
412635,SERRANOPOLIS DO IGUACU,41009,9a RS FOZ DO IGUACU,4108,MACRORREGIAO OESTE,5007
410965,HONORIO SERPA,41007,7a RS PATO BRANCO,4108,MACRORREGIAO OESTE,4941
410335,BRAGANEY,41010,10a RS CASCAVEL,4108,MACRORREGIAO OESTE,4854
410754,ESPIGAO ALTO DO IGUACU,41010,10a RS CASCAVEL,4108,MACRORREGIAO OESTE,4797
410753,ENTRE RIOS DO OESTE,41020,20a RS TOLEDO,4108,MACRORREGIAO OESTE,4575
410715,DIAMANTE D'OESTE,41020,20a RS TOLEDO,4108,MACRORREGIAO OESTE,4557
412085,QUATRO PONTES,41020,20a RS TOLEDO,4108,MACRORREGIAO OESTE,4480
410785,FLOR DA SERRA DO SUL,41008,8a RS FRANCISCO BELTRAO,4108,MACRORREGIAO OESTE,4364
412125,RAMILANDIA,41009,9a RS FOZ DO IGUACU,4108,MACRORREGIAO OESTE,4221
410657,CRUZEIRO DO IGUACU,41008,8a RS FRANCISCO BELTRAO,4108,MACRORREGIAO OESTE,4133
412280,SALGADO FILHO,41008,8a RS FRANCISCO BELTRAO,4108,MACRORREGIAO OESTE,4075
410275,BELA VISTA DA CAROBA,41008,8a RS FRANCISCO BELTRAO,4108,MACRORREGIAO OESTE,4031
410405,CAMPO BONITO,41010,10a RS CASCAVEL,4108,MACRORREGIAO OESTE,4027
410315,BOM JESUS DO SUL,41008,8a RS FRANCISCO BELTRAO,4108,MACRORREGIAO OESTE,3980
412545,SAO JOSE DAS PALMEIRAS,41020,20a RS TOLEDO,4108,MACRORREGIAO OESTE,3957
412382,SANTA LUCIA,41010,10a RS CASCAVEL,4108,MACRORREGIAO OESTE,3644
412665,SULINA,41007,7a RS PATO BRANCO,4108,MACRORREGIAO OESTE,3440
410322,BOM SUCESSO DO SUL,41007,7a RS PATO BRANCO,4108,MACRORREGIAO OESTE,3202
410712,DIAMANTE DO SUL,41010,10a RS CASCAVEL,4108,MACRORREGIAO OESTE,3171
410105,ANAHY,41010,10a RS CASCAVEL,4108,MACRORREGIAO OESTE,2918
411435,MANFRINOPOLIS,41008,8a RS FRANCISCO BELTRAO,4108,MACRORREGIAO OESTE,2770
411925,PINHAL DE SAO BENTO,41008,8a RS FRANCISCO BELTRAO,4108,MACRORREGIAO OESTE,2761
410302,BOA ESPERANCA DO IGUACU,41008,8a RS FRANCISCO BELTRAO,4108,MACRORREGIAO OESTE,2455
411065,IRACEMA DO OESTE,41010,10a RS CASCAVEL,4108,MACRORREGIAO OESTE,2343
411005,IGUATU,41010,10a RS CASCAVEL,4108,MACRORREGIAO OESTE,2144
